RS Code,Handlungsfeld,Dimension,Kompetenz,Kompetenzen Lehrplan,Kompetenzstufe,Zyklus,Klassenstufe
RS.1.1.a,"Handlungsfeld 1: Auswählen, Beurteilen & Vorbeugen","Dimension Zugang: Zugang finden, Handhaben, Anwenden",Datensicherheit,"IB.2.3.b,IB.3.1.a",…können sich mit eigenem Login anmelden und mit Passwörtern und persönlichen Informationen bewusst umgehen.,Zyklus 2,3./4.
RS.1.1.b,"Handlungsfeld 1: Auswählen, Beurteilen & Vorbeugen","Dimension Zugang: Zugang finden, Handhaben, Anwenden",Datensicherheit,"IB.1.3.d,IB.2.1.c,IB.2.3.b,IB.3.1.a",…können mit Passwörtern und persönlichen Informationen bewusst umgehen und können Botschaften verschlüsseln.,Zyklus 2,5./6.
RS.1.1.c,"Handlungsfeld 1: Auswählen, Beurteilen & Vorbeugen","Dimension Zugang: Zugang finden, Handhaben, Anwenden",Datensicherheit,"IB.1.3.d,IB.2.3.b,IB.3.1.a",…können eigene sichere Passwörter entwicklen und mit persönlichen Informationen verantwortungsvoll umgehen.,Zyklus 3,7.
RS.1.1.d,"Handlungsfeld 1: Auswählen, Beurteilen & Vorbeugen","Dimension Zugang: Zugang finden, Handhaben, Anwenden",Datensicherheit,IB.2.3.n,…können eigene sichere Passwörter entwickeln und kennen verschiedene kryptographische Methoden zur Verschlüsselung von Daten.,Zyklus 3,8.
RS.1.1.e,"Handlungsfeld 1: Auswählen, Beurteilen & Vorbeugen","Dimension Zugang: Zugang finden, Handhaben, Anwenden",Datensicherheit,,…kennen Grundprinzipien zur Entschlüsselung unbekannter Codes (Hackerangriffe) und leiten daraus Massnahmen zum Schutz eigener Daten ab.,Zyklus 3,9.
RS.1.2.a,"Handlungsfeld 1: Auswählen, Beurteilen & Vorbeugen","Dimension Zugang: Zugang finden, Handhaben, Anwenden",Urheberrecht,IB.1.3.e,"…wissen, dass eigene  Werke und Werke anderer durch das Gesetz geschützt sind.",Zyklus 2,3./4.
RS.1.2.b,"Handlungsfeld 1: Auswählen, Beurteilen & Vorbeugen","Dimension Zugang: Zugang finden, Handhaben, Anwenden",Urheberrecht,IB.1.3.e,"…kennen die Grundzüge des Urheberrechts, sind  dafür sensibilsiert und können Quellen verwendeter Bilder und Texte angeben.",Zyklus 2,5./6.
RS.1.2.c,"Handlungsfeld 1: Auswählen, Beurteilen & Vorbeugen","Dimension Zugang: Zugang finden, Handhaben, Anwenden",Urheberrecht,IB.1.3.g,"…beachten beim Verwenden fremder Werke (z.B. Text, Bild, Video, Audio) das Urheberrecht und können zwischen geschützten und nicht geschützten Werken unterscheiden und Quellen adäquat verwenden.",Zyklus 3,7.
RS.1.2.d,"Handlungsfeld 1: Auswählen, Beurteilen & Vorbeugen","Dimension Zugang: Zugang finden, Handhaben, Anwenden",Urheberrecht,IB.1.3.g,…kennen das Konzept von Creative Commons und anderer Lizenzierungsmodelle.,Zyklus 3,8.
RS.1.3.a,"Handlungsfeld 1: Auswählen, Beurteilen & Vorbeugen","Dimension Verständnis: Verstehen, Einordnen, Orientieren",Wahrnehmung  von Medien im  Alltag,IB.1.1.a,"…können über ihre Erlebnisse mit Medien (z.B.  Fernsehen, Computer,  Tablet, Spielkonsole) berichten.",Zyklus 1,"KiGa,1./2."
RS.1.3.b,"Handlungsfeld 1: Auswählen, Beurteilen & Vorbeugen","Dimension Verständnis: Verstehen, Einordnen, Orientieren",Wahrnehmung von Medien im Alltag,IB.1.1.b,…können über den eigenen Umgang mit Medien und damit zusammenhängenden Regeln berichten.,Zyklus 2,3./4.
RS.1.3.c,"Handlungsfeld 1: Auswählen, Beurteilen & Vorbeugen","Dimension Verständnis: Verstehen, Einordnen, Orientieren",Wahrnehmung von Medien im Alltag,"IB.1.1.b,IB.1.2.d",…können den Zweck der im Alltag verwendeten Medien benennen und kennen ihren persönlichen Medienkonsum.,Zyklus 2,5./6.
RS.1.3.d,"Handlungsfeld 1: Auswählen, Beurteilen & Vorbeugen","Dimension Verständnis: Verstehen, Einordnen, Orientieren",Wahrnehmung von Medien im Alltag,IB.1.2.f,…können Auswirkungen von digitalen Medien und Internet auf die Schulsituation und Freizeit wahrnehmen und darüber berichten.,Zyklus 3,7.
RS.1.3.e,"Handlungsfeld 1: Auswählen, Beurteilen & Vorbeugen","Dimension Verständnis: Verstehen, Einordnen, Orientieren",Wahrnehmung von Medien im Alltag,"IB.1.1.e,IB.1.1.e","…können Auswirkungen von digitalen Medien und Internet auf die Gesellschaft wahrnehmen und kennen problematische Formen der Nutzung (z.B. Cybermobbing, Online-Sucht).",Zyklus 3,8.
RS.1.3.f,"Handlungsfeld 1: Auswählen, Beurteilen & Vorbeugen","Dimension Verständnis: Verstehen, Einordnen, Orientieren",Wahrnehmung von Medien im Alltag,"IB.1.1.e,IB.1.1.f",…können die Folgen ihres Handelns abschätzen und ihr Verhalten dementsprechend anpassen.,Zyklus 3,9.
RS.1.4.a,"Handlungsfeld 1: Auswählen, Beurteilen & Vorbeugen","Dimension Verständnis: Verstehen, Einordnen, Orientieren",Interpretation  von Botschaften,"IB.1.2.a,IB.1.2.b","…können digitalen, multimedial präsentierten  Geschichten (z.B. Film,  digitale Bilderbücher) folgen und die Wirkung auf  sich in Worte fassen.",Zyklus 1,"KiGa,1./2."
RS.1.4.b,"Handlungsfeld 1: Auswählen, Beurteilen & Vorbeugen","Dimension Verständnis: Verstehen, Einordnen, Orientieren",Interpretation von Botschaften,IB.1.2.a,"…können einfache, digitale Texte und multimedial präsentierte Geschichten (z.B. Film, digitale Bilderbücher) verstehen und die Wirkung auf sich und andere in Worte fassen.",Zyklus 2,3./4.
RS.1.4.c,"Handlungsfeld 1: Auswählen, Beurteilen & Vorbeugen","Dimension Verständnis: Verstehen, Einordnen, Orientieren",Interpretation von Botschaften,"IB.1.2.d,IB.1.2.d","…können Absichten und Wirkungen (z.B. Information, Unterhaltung, Werbung) in digital angebotenen Texten, Bildern, Grafiken, Filmsequenzen, Audiobeiträgen erkennen.",Zyklus 2,5./6.
RS.1.4.d,"Handlungsfeld 1: Auswählen, Beurteilen & Vorbeugen","Dimension Verständnis: Verstehen, Einordnen, Orientieren",Interpretation von Botschaften,"IB.1.2.f,IB.1.2.g,IB.1.2.h","…können offensichtliche und versteckte Absichten und Wirkungen (z.B. Information, Unterhaltung, Werbung) in digital angebotenen Texten, Bildern, Grafiken, Filmsequenzen, Audiobeiträgen erkennen.",Zyklus 3,7.
RS.1.4.e,"Handlungsfeld 1: Auswählen, Beurteilen & Vorbeugen","Dimension Verständnis: Verstehen, Einordnen, Orientieren",Interpretation von Botschaften,"IB.1.2.g,IB.1.2.h","…können offensichtliche und versteckte Absichten und Wirkungen (z.B. Information, Unterhaltung, Werbung) in digital angebotenen Texten, Bildern, Grafiken, Filmsequenzen, Audiobeiträgen erkennen und dies in die Gestaltung eigener Beiträge einbeziehen.",Zyklus 3,8.
RS.1.5.a,"Handlungsfeld 1: Auswählen, Beurteilen & Vorbeugen","Dimension Verständnis: Verstehen, Einordnen, Orientieren",Datenspuren im Netz und Datenschutz,IB.1.3.d,…kennen Regeln im Zusammenhang mit Passwörtern und persönlichen Daten.,Zyklus 2,3./4.
RS.1.5.b,"Handlungsfeld 1: Auswählen, Beurteilen & Vorbeugen","Dimension Verständnis: Verstehen, Einordnen, Orientieren",Datenspuren im Netz und Datenschutz,IB.1.4.b,"…wissen, wie persönliche Daten im Netz gesammelt werden und können Regeln im Umgang mit Passwörtern und Datenfreigaben einhalten.",Zyklus 2,5./6.
RS.1.5.c,"Handlungsfeld 1: Auswählen, Beurteilen & Vorbeugen","Dimension Verständnis: Verstehen, Einordnen, Orientieren",Datenspuren im Netz und Datenschutz,"IB.1.4.c,IB.1.4.e","…wissen, wie persönliche Daten in verschiedenen Netzwerken (Social Media, lokale Netze u.a.) gesammelt werden und kennen wirkungsvolle Massnahmen (Einstellungen, Filter u.a) zur Einschränkung.",Zyklus 3,7.
RS.1.5.d,"Handlungsfeld 1: Auswählen, Beurteilen & Vorbeugen","Dimension Verständnis: Verstehen, Einordnen, Orientieren",Datenspuren im Netz und Datenschutz,,"…wissen, was Privatsphäre ist, wie sie diese im Netz schützen, und kennen die Auswirkungen unerlaubter Handlungen.",Zyklus 3,8.
RS.1.5.e,"Handlungsfeld 1: Auswählen, Beurteilen & Vorbeugen","Dimension Verständnis: Verstehen, Einordnen, Orientieren",Datenspuren im Netz und Datenschutz,,…kennen Grundzüge des Datenschutzgesetzes und handeln entsprechend.,Zyklus 3,9.
RS.2.1.a,Handlungsfeld 2: Kommunizieren und Kooperieren,"Dimension Zugang: Zugang finden, Handhaben, Anwenden",Nutzung von Kommunikationsmedien,"IB.1.4.a,IB.1.4.c,IB.3.3.a","…können mit verschiedenen Kommunikationsmedien (z.B. Brief, E-Mail, SMS, Telefon, Videotelefonie) eine Botschaft übermitteln.",Zyklus 2,3./4.
RS.2.1.b,Handlungsfeld 2: Kommunizieren und Kooperieren,"Dimension Zugang: Zugang finden, Handhaben, Anwenden",Nutzung von Kommunikationsmedien,"IB.1.4.b,IB.1.4.c,IB.3.3.c",…können traditionelle und altersgerechte netzbasierte Kommunikationsformen nutzen.,Zyklus 2,5./6.
RS.2.1.c,Handlungsfeld 2: Kommunizieren und Kooperieren,"Dimension Zugang: Zugang finden, Handhaben, Anwenden",Nutzung von Kommunikationsmedien,"IB.1.4.c,IB.3.3.c",…können sich an der Kommunikation über Social Media-Plattformen beteiligen.,Zyklus 3,7.
RS.2.1.d,Handlungsfeld 2: Kommunizieren und Kooperieren,"Dimension Zugang: Zugang finden, Handhaben, Anwenden",Nutzung von Kommunikationsmedien,"IB.1.4.f,IB.3.3.a,IB.3.3.c",…können verschiedene netzbasierte Medien zur Kommunikation und zum Datenaustausch nutzen.,Zyklus 3,8.
RS.2.1.e,Handlungsfeld 2: Kommunizieren und Kooperieren,"Dimension Zugang: Zugang finden, Handhaben, Anwenden",Nutzung von Kommunikationsmedien,IB.2.3.m,"…kennen das Grundprinzip und
die Funktionsweise der Informations- und Kommunikationstechnik, die weltweite und digitale
Kommunikation ermöglicht (Backbone, Internet-Knoten (Network
Access Points), Paketierung, IP,
u.a.).",Zyklus 3,9.
RS.2.2.a,Handlungsfeld 2: Kommunizieren und Kooperieren,"Dimension Zugang: Zugang finden, Handhaben, Anwenden",Kooperationswerkzeuge,IB.2.3.j,"…können einfache Regeln im Hinblick auf kooperatives Lernen im Netz einhalten (z.B. Benennung von Dateien, Speicherorte).",Zyklus 2,3./4.
RS.2.2.b,Handlungsfeld 2: Kommunizieren und Kooperieren,"Dimension Zugang: Zugang finden, Handhaben, Anwenden",Kooperationswerkzeuge,IB.2.3.j,…können bei arbeitsteiligen Aufträgen Regeln zur Benennung von Dateien oder Speicherorten einhalten und verschiedene Arbeitsergebnisse zu einem gemeinsamen Produkt am Computer zusammenführen.,Zyklus 2,5./6.
RS.2.2.c,Handlungsfeld 2: Kommunizieren und Kooperieren,"Dimension Zugang: Zugang finden, Handhaben, Anwenden",Kooperationswerkzeuge,IB.2.3.j,…können in einem Netzwerk Dokumente bearbeiten und dabei eigene Arbeitsschritte für die andern Beteiligten sichtbar machen.,Zyklus 3,7.
RS.2.2.d,Handlungsfeld 2: Kommunizieren und Kooperieren,"Dimension Zugang: Zugang finden, Handhaben, Anwenden",Kooperationswerkzeuge,IB.2.3.j,…können die Möglichkeiten von netzbasierten Plattformen zum Austausch und gemeinsamen Wissensaufbau einsetzen.,Zyklus 3,8.
RS.2.3.a,Handlungsfeld 2: Kommunizieren und Kooperieren,"Dimension Verständnis: Verstehen, Einordnen, Orientieren",Wirkung von Kommunikationsmedien,IB.1.4.c,"…können Unterschiede verschiedener Kommunikationsmedien (z.B. Brief, E-Mail, SMS, Telefon, Videotelefonie) beschreiben.",Zyklus 2,3./4.
RS.2.3.b,Handlungsfeld 2: Kommunizieren und Kooperieren,"Dimension Verständnis: Verstehen, Einordnen, Orientieren",Wirkung von Kommunikationsmedien,"IB.1.4.b,IB.1.4.c",…können eine Passung zwischen Kommunikationsmedium und Situation herstellen.,Zyklus 2,5./6.
RS.2.3.c,Handlungsfeld 2: Kommunizieren und Kooperieren,"Dimension Verständnis: Verstehen, Einordnen, Orientieren",Wirkung von Kommunikationsmedien,"IB.1.4.c,IB.1.4.d,IB.1.4.e",…sind sich der Wirkung ihres Kommunikationsstils mittels digitalen Medien als Sender an unterschiedliche Empfänger bewusst.,Zyklus 3,7.
RS.2.3.d,Handlungsfeld 2: Kommunizieren und Kooperieren,"Dimension Verständnis: Verstehen, Einordnen, Orientieren",Wirkung von Kommunikationsmedien,"IB.1.3.f,IB.1.4.e,IB.1.4.f","…können den Kommunikationsstil und das Kommunikationsmedium der jeweiligen Situation anpassen (formell, kollegial).",Zyklus 3,8.
RS.2.4.a,Handlungsfeld 2: Kommunizieren und Kooperieren,"Dimension Verständnis: Verstehen, Einordnen, Orientieren",Netiquette,"IB.1.1.d,IB.1.3.d,IB.1.3.g,IB.1.4.c",… kennen Regeln des Umgangs für die Kommunikation mit digitalen Medien und können diese einhalten. ,Zyklus 2,5./6.
RS.2.4.b,Handlungsfeld 2: Kommunizieren und Kooperieren,"Dimension Verständnis: Verstehen, Einordnen, Orientieren",Netiquette,"IB.1.1.d,IB.1.1.e,IB.1.3.f","…wissen um verletzende Wirkung und rechtliche Konsequenzen von Drohungen, Beleidigungen oder Gerüchten mittels digitaler Medien.",Zyklus 3,7.
RS.2.4.c,Handlungsfeld 2: Kommunizieren und Kooperieren,"Dimension Verständnis: Verstehen, Einordnen, Orientieren",Netiquette,"IB.1.1.c,IB.1.1.d","…kennen Erscheinungsformen und Auswirkungen von Cybermobbing und wissen, wo sie Hilfe holen können.",Zyklus 3,8.
RS.2.4.d,Handlungsfeld 2: Kommunizieren und Kooperieren,"Dimension Verständnis: Verstehen, Einordnen, Orientieren",Netiquette,"IB.1.1.e,IB.1.1.e",…kennen die juristischen Grundlagen des Jugendschutzes und Persönlichkeitesrechtes und wissen um die Konsequenzen bei einem Verstoss.,Zyklus 3,9.
RS.3.1.a,"Handlungsfeld 3: Recherchieren, Ordnen & Visualisieren","Dimension Zugang: Zugang finden, Handhaben, Anwenden",Nutzung von  Informationsquellen,IB.1.2.c,"…entwickeln Neugierde  für Sachfragen und können die zur Verfügung  stehenden Medien zum  Entdecken der Umwelt  (z.B. Sachbücher, Apps,  CD-ROMs, interaktive  Sachbücher) nutzen.",Zyklus 1,"KiGa,1./2."
RS.3.1.b,"Handlungsfeld 3: Recherchieren, Ordnen & Visualisieren","Dimension Zugang: Zugang finden, Handhaben, Anwenden",Nutzung von Informationsquellen,"IB.1.2.c,IB.3.2.a,IB.3.2.b","…können einfach strukturierte und altersgerechte digitale Informationsquellen (im Internet, lokal installiert, als App) nutzen.",Zyklus 2,3./4.
RS.3.1.c,"Handlungsfeld 3: Recherchieren, Ordnen & Visualisieren","Dimension Zugang: Zugang finden, Handhaben, Anwenden",Nutzung von Informationsquellen,"IB.1.2.e,IB.3.2.b",…kennen elementare Suchstrategien für die Informationsbeschaffung im Internet und können diese anwenden.,Zyklus 2,5./6.
RS.3.1.d,"Handlungsfeld 3: Recherchieren, Ordnen & Visualisieren","Dimension Zugang: Zugang finden, Handhaben, Anwenden",Nutzung von Informationsquellen,"IB.3.2.b,IB.3.2.c,IB.3.2.d",…kennen unterschiedliche Suchstrategien für die Informationsbeschaffung im Internet und können diese anwenden.,Zyklus 3,7.
RS.3.1.e,"Handlungsfeld 3: Recherchieren, Ordnen & Visualisieren","Dimension Zugang: Zugang finden, Handhaben, Anwenden",Nutzung von Informationsquellen,"IB.3.2.b,IB.3.2.c,IB.3.2.d",…können effiziente Suchstrategien im Internet einsetzen und verfügen über ein Repertoire an vertrauenswürdigen Informationsquellen im Netz.,Zyklus 3,8.
RS.3.1.f,"Handlungsfeld 3: Recherchieren, Ordnen & Visualisieren","Dimension Zugang: Zugang finden, Handhaben, Anwenden",Nutzung von Informationsquellen,IB.2.3.i,…kennen grundlegende Sortierund Suchalgorithmen zum Verständnis von Suchmaschinen.,Zyklus 3,9.
RS.3.2.a,"Handlungsfeld 3: Recherchieren, Ordnen & Visualisieren","Dimension Zugang: Zugang finden, Handhaben, Anwenden",Ordnen von Informationen,"IB.1.2.c,IB.3.2.a",…können Verbindungen herstellen zwischen einer Aufgabenstellung und den Inhalten altersgerechter Webseiten oder Apps.,Zyklus 2,3./4.
RS.3.2.b,"Handlungsfeld 3: Recherchieren, Ordnen & Visualisieren","Dimension Zugang: Zugang finden, Handhaben, Anwenden",Ordnen von Informationen,IB.3.2.c,…können Inhalte von Suchresultaten ordnen und zusammenfassen.,Zyklus 2,5./6.
RS.3.2.c,"Handlungsfeld 3: Recherchieren, Ordnen & Visualisieren","Dimension Zugang: Zugang finden, Handhaben, Anwenden",Ordnen von Informationen,"IB.3.2.c,IB.3.2.d",…können Inhalte aus unterschiedlichen Quellen ordnen und zusammenfassen.,Zyklus 3,7.
RS.3.2.d,"Handlungsfeld 3: Recherchieren, Ordnen & Visualisieren","Dimension Zugang: Zugang finden, Handhaben, Anwenden",Ordnen von Informationen,"IB.3.2.c,IB.3.2.d",…können themen- und/oder fachspezifische Informationsquellen im Netz gezielt ordnen und organisieren.,Zyklus 3,8.
RS.3.2.e,"Handlungsfeld 3: Recherchieren, Ordnen & Visualisieren","Dimension Zugang: Zugang finden, Handhaben, Anwenden",Ordnen von Informationen,"IB.3.2.c,IB.3.2.d","…können digitale Werkzeuge (z.B. Social Bookmarking, Mindmap- und Conceptmap-Programme) zum Ordnen von Suchresultaten und deren Inhalte nutzen.",Zyklus 3,9.
RS.3.3.b,"Handlungsfeld 3: Recherchieren, Ordnen & Visualisieren","Dimension Zugang: Zugang finden, Handhaben, Anwenden",Visuelle Aufbereitung von Informationen,"IB.1.3.b,IB.3.3.a,IB.3.3.b","…können mit digitalen Mitteln Bilder zu Begriffen und Geschichten erstellen (zeichnen, malen, fotografieren).",Zyklus 2,3./4.
RS.3.3.c,"Handlungsfeld 3: Recherchieren, Ordnen & Visualisieren","Dimension Zugang: Zugang finden, Handhaben, Anwenden",Visuelle Aufbereitung von Informationen,"IB.1.3.c,IB.3.3.a,IB.3.3.b","…können Textaussagen gezielt mit selber erstellten Bildern (Computerzeichnungen, Scans, digitale Fotos) oder mit Bildern aus dem Netz unterstützen.",Zyklus 2,5./6.
RS.3.3.d,"Handlungsfeld 3: Recherchieren, Ordnen & Visualisieren","Dimension Zugang: Zugang finden, Handhaben, Anwenden",Visuelle Aufbereitung von Informationen,IB.3.3.d,"…können digitale Werkzeuge verwenden, um Erkenntnisse bildhaft darzustellen (z.B. Mindmaps, Conceptmaps, Tabellen, Diagramme).",Zyklus 3,7.
RS.3.3.e,"Handlungsfeld 3: Recherchieren, Ordnen & Visualisieren","Dimension Zugang: Zugang finden, Handhaben, Anwenden",Visuelle Aufbereitung von Informationen,IB.3.3.d,…können gezielte Bilder und andere visuelle Elemente zur Ergänzung von Texten einsetzen.,Zyklus 3,8.
RS.3.3.f,"Handlungsfeld 3: Recherchieren, Ordnen & Visualisieren","Dimension Zugang: Zugang finden, Handhaben, Anwenden",Visuelle Aufbereitung von Informationen,IB.3.3.d,…können gezielt Aussagen von Texten in grafische Elemente transferieren.,Zyklus 3,9.
RS.3.4.a,"Handlungsfeld 3: Recherchieren, Ordnen & Visualisieren","Dimension Verständnis: Verstehen, Einordnen, Orientieren",Beurteilung der Qualität von Informationen,IB.1.1.b,…können über eigene Entdeckungen im Internet berichten.,Zyklus 2,3./4.
RS.3.4.b,"Handlungsfeld 3: Recherchieren, Ordnen & Visualisieren","Dimension Verständnis: Verstehen, Einordnen, Orientieren",Beurteilung der Qualität von Informationen,"IB.1.2.d,IB.1.2.d,IB.1.2.e","… können Suchresultate bezüglich Verständlichkeit, Vertrauenswürdigkeit, Aktualität, versteckten Werbe- oder anderen Botschaften vergleichen. ",Zyklus 2,5./6.
RS.3.4.c,"Handlungsfeld 3: Recherchieren, Ordnen & Visualisieren","Dimension Verständnis: Verstehen, Einordnen, Orientieren",Beurteilung der Qualität von Informationen,"IB.1.2.e,IB.1.2.f,IB.1.2.g,IB.1.2.h,IB.1.2.i","…können die Herkunft von Informationen aus dem Internet (z.B. Webseiten, E-Mail, Social Media) erkennen sowie Zuverlässigkeit und Intention der Quellen beurteilen.",Zyklus 3,7.
RS.3.4.d,"Handlungsfeld 3: Recherchieren, Ordnen & Visualisieren","Dimension Verständnis: Verstehen, Einordnen, Orientieren",Beurteilung der Qualität von Informationen,"IB.1.2.h,IB.1.2.i","…können die Zuverlässigkeit, Glaubwürdigkeit und Relevanz einer Information beurteilen.",Zyklus 3,8.
RS.3.5.a,"Handlungsfeld 3: Recherchieren, Ordnen & Visualisieren","Dimension Verständnis: Verstehen, Einordnen, Orientieren",Problematische Inhalte im Netz,"IB.1.3.d,IB.1.4.b,IB.1.4.c",…können sich bei Unsicherheit und Unwohlsein in Bezug auf Netzinhalte Hilfe holen. ,Zyklus 2,3./4.
RS.3.5.b,"Handlungsfeld 3: Recherchieren, Ordnen & Visualisieren","Dimension Verständnis: Verstehen, Einordnen, Orientieren",Problematische Inhalte im Netz,"IB.1.3.g,IB.1.4.c","…wissen, dass digitale Daten manipulierbar sind, und kennen Verhaltensweisen für den Umgang mit problematischen Inhalten im Netz.",Zyklus 2,5./6.
RS.3.5.c,"Handlungsfeld 3: Recherchieren, Ordnen & Visualisieren","Dimension Verständnis: Verstehen, Einordnen, Orientieren",Problematische Inhalte im Netz,,…kennen unterschiedliche Formen der Datenmanipulation und kennen Verhaltensweisen für den Umgang mit problematischen Inhalten im Netz.,Zyklus 3,7.
RS.3.5.d,"Handlungsfeld 3: Recherchieren, Ordnen & Visualisieren","Dimension Verständnis: Verstehen, Einordnen, Orientieren",Problematische Inhalte im Netz,,…kennen rechtliche Aspekte im Zusammenahng mit Up- und Downloads im Netz sowie Installationen von Programmen und respektieren die entsprechenden Regeln.,Zyklus 3,8.
RS.4.1.a,Handlungsfeld 4: Präsentieren & Publizieren,"Dimension Zugang: Zugang finden, Handhaben, Anwenden",Nutzung von Textverarbeitung,IB.3.1.d,"… können mit digitalen Medien Wörter, Sätze und kurze Texte schreiben.",Zyklus 2,3./4.
RS.4.1.b,Handlungsfeld 4: Präsentieren & Publizieren,"Dimension Zugang: Zugang finden, Handhaben, Anwenden",Nutzung von Textverarbeitung,"IB.3.1.d,IB.3.3.d,IB.3.3.e","…können mit digitalen Medien zusammenhängende Texte schreiben, Korrekturfunktionen nutzen und einfache Formatierungen vornehmen. ",Zyklus 2,5./6.
RS.4.1.c,Handlungsfeld 4: Präsentieren & Publizieren,"Dimension Zugang: Zugang finden, Handhaben, Anwenden",Nutzung von Textverarbeitung,"IB.3.1.e,IB.3.3.b,IB.3.3.d,IB.3.3.e",…können die Möglichkeiten eines Textverarbeitungsprogrammes zur Erstellung von komplexeren Texten nutzen.,Zyklus 3,7.
RS.4.1.d,Handlungsfeld 4: Präsentieren & Publizieren,"Dimension Zugang: Zugang finden, Handhaben, Anwenden",Nutzung von Textverarbeitung,"IB.3.1.e,IB.3.3.b,IB.3.3.d,IB.3.3.e","…können mit digitalen Medien inhaltlich, grafisch und von der Struktur her anspruchsvolle schriftliche Arbeiten erstellen.",Zyklus 3,8.
RS.4.1.e,Handlungsfeld 4: Präsentieren & Publizieren,"Dimension Zugang: Zugang finden, Handhaben, Anwenden",Nutzung von Textverarbeitung,"IB.3.1.e,IB.3.3.b,IB.3.3.d,IB.3.3.e,IB.3.3.f","…können mit digitalen Medien inhaltlich, grafisch und von der Struktur her anspruchsvolle schriftliche Arbeiten erstellen und Formatvorlagen nutzen.",Zyklus 3,9.
RS.4.2.a,Handlungsfeld 4: Präsentieren & Publizieren,"Dimension Zugang: Zugang finden, Handhaben, Anwenden",Nutzung von Präsentationsgeräten und Präsentationssoftware,IB.1.3.c,"…können die zur Verfügung stehenden ICT-Mittel (z.B. Digitalkamera, Tablets, Computer, Beamer, Drucker) nutzen, um Arbeitsergebnisse in der Klasse / Schule öffentlich zu machen.",Zyklus 2,3./4.
RS.4.2.b,Handlungsfeld 4: Präsentieren & Publizieren,"Dimension Zugang: Zugang finden, Handhaben, Anwenden",Nutzung von Präsentationsgeräten und Präsentationssoftware,IB.1.3.c,"…können geeignete Geräte (z.B. Beamer, interaktive Wandtafel, Visualizer) zur Präsentation von Arbeitsergebnissen einsetzen. ",Zyklus 2,5./6.
RS.4.2.c,Handlungsfeld 4: Präsentieren & Publizieren,"Dimension Zugang: Zugang finden, Handhaben, Anwenden",Nutzung von Präsentationsgeräten und Präsentationssoftware,"IB.1.3.f,IB.1.3.f","…können mit den entsprechenden Programmen auf unterschiedlichen Geräten (z.B. Notebook, Tablet) Präsentationen erstellen und dabei Text, Bild und Ton einbinden.",Zyklus 3,7.
RS.4.2.d,Handlungsfeld 4: Präsentieren & Publizieren,"Dimension Zugang: Zugang finden, Handhaben, Anwenden",Nutzung von Präsentationsgeräten und Präsentationssoftware,"IB.1.3.f,IB.1.3.f","…können unterschiedliche Präsentationssoftware und passende Geräte (z.B. Beamer, interaktive Wandtafel, Visualizer) situationsgerecht einsetzen.",Zyklus 3,8.
RS.4.2.e,Handlungsfeld 4: Präsentieren & Publizieren,"Dimension Zugang: Zugang finden, Handhaben, Anwenden",Nutzung von Präsentationsgeräten und Präsentationssoftware,"IB.1.3.f,IB.1.3.f","…können inhaltlich, grafisch und von der Struktur her anspruchsvolle Präsentationen erstellen.",Zyklus 3,9.
RS.4.3.a,Handlungsfeld 4: Präsentieren & Publizieren,"Dimension Zugang: Zugang finden, Handhaben, Anwenden",Publizieren im Netz,IB.2.3.j,"…können eigene Inhalte in die für die schulische Verwendung vorbereiteten Strukturen im Netz veröffentlichen (z.B. Blog, Webseitengenerator, Webquest).",Zyklus 2,5./6.
RS.4.3.b,Handlungsfeld 4: Präsentieren & Publizieren,"Dimension Zugang: Zugang finden, Handhaben, Anwenden",Publizieren im Netz,IB.2.3.j,"…können eigene Texte, Bilder und Tondukumente in die für die schulische Verwendung vorgesehenen Plattformen veröffentlichen.",Zyklus 3,7.
RS.4.3.c,Handlungsfeld 4: Präsentieren & Publizieren,"Dimension Zugang: Zugang finden, Handhaben, Anwenden",Publizieren im Netz,IB.2.3.j,"…können eigene Texte, Bilder und Tondokumente unter Einhaltung des Urheberrechts im Netz veröffentlichen.",Zyklus 3,8.
RS.4.3.d,Handlungsfeld 4: Präsentieren & Publizieren,"Dimension Zugang: Zugang finden, Handhaben, Anwenden",Publizieren im Netz,,…kennen einfache Komprimierungsverfahren (z.B. LauflängenCodierung).,Zyklus 3,9.
RS.4.4.a,Handlungsfeld 4: Präsentieren & Publizieren,"Dimension Verständnis: Verstehen, Einordnen, Orientieren",Unterschiedliche digitale Gestaltungsformen,IB.1.2.a,"…können verschiedene  Darstellungsformen gleicher Geschichten (z.B.  Hörbuch, Bilderbuch, Film)  unterscheiden.",Zyklus 1,"KiGa,1./2."
RS.4.4.b,Handlungsfeld 4: Präsentieren & Publizieren,"Dimension Verständnis: Verstehen, Einordnen, Orientieren",Unterschiedliche digitale Gestaltungsformen,IB.1.2.a,"… können verschiedene Darstellungsformen gleicher Geschichten (z.B. Hörbuch, Bilderbuch, Film) vergleichen.",Zyklus 2,3./4.
RS.4.4.c,Handlungsfeld 4: Präsentieren & Publizieren,"Dimension Verständnis: Verstehen, Einordnen, Orientieren",Unterschiedliche digitale Gestaltungsformen,"IB.1.3.c,IB.1.3.e,IB.3.3.a",…können Geschichten und Sachinformationen in unterschiedlichen Darstellungsformen präsentieren. ,Zyklus 2,5./6.
RS.4.4.d,Handlungsfeld 4: Präsentieren & Publizieren,"Dimension Verständnis: Verstehen, Einordnen, Orientieren",Unterschiedliche digitale Gestaltungsformen,"IB.1.4.e,IB.3.3.c,IB.3.3.g","…können unterschiedliche Darstellungsformen von Textsorten (z.B. Geschichten, Dialoge, Sachverhalte, Gedichte) gestalten, analysieren und bewerten.",Zyklus 3,7.
RS.4.4.e,Handlungsfeld 4: Präsentieren & Publizieren,"Dimension Verständnis: Verstehen, Einordnen, Orientieren",Unterschiedliche digitale Gestaltungsformen,"IB.1.4.e,IB.3.3.g",…können die geeignete Darstellungsform für eine Textsorte gestalten und begründen.,Zyklus 3,8.
RS.4.5.a,Handlungsfeld 4: Präsentieren & Publizieren,"Dimension Verständnis: Verstehen, Einordnen, Orientieren",Wirkung von Textlayout,"IB.1.3.a,IB.1.3.b",…entdecken Buchstaben  und Zahlen als gestaltbare  Objekte und können diese  mit Hilfe von digitalen  Mitteln malen und zeichnen,Zyklus 1,"KiGa,1./2."
RS.4.5.b,Handlungsfeld 4: Präsentieren & Publizieren,"Dimension Verständnis: Verstehen, Einordnen, Orientieren",Wirkung von Textlayout,"IB.1.3.b,IB.3.3.a,IB.3.3.b",…kennen unterschiedliche Gestaltungsmöglichkeiten von Text (z.B. Titel) und können diese gezielt einsetzen.,Zyklus 2,3./4.
RS.4.5.c,Handlungsfeld 4: Präsentieren & Publizieren,"Dimension Verständnis: Verstehen, Einordnen, Orientieren",Wirkung von Textlayout,IB.3.3.b,…können unterschiedliche Textlayouts und grafische Elemente gezielt und zum Text passend einsetzen. ,Zyklus 2,5./6.
RS.4.5.d,Handlungsfeld 4: Präsentieren & Publizieren,"Dimension Verständnis: Verstehen, Einordnen, Orientieren",Wirkung von Textlayout,IB.3.3.b,…können Grundregeln für das Gestalten wirkungsvoller Dokumente anwenden.,Zyklus 3,7.
RS.4.5.e,Handlungsfeld 4: Präsentieren & Publizieren,"Dimension Verständnis: Verstehen, Einordnen, Orientieren",Wirkung von Textlayout,"IB.3.3.b,IB.3.3.g","…können die Wirkung von Texten durch gezieltes Layout und bewusst eingesetzte grafische Elemente unterstützen (z.B. Bewerbungsschreiben, Plakate).",Zyklus 3,8.
RS.4.6.a,Handlungsfeld 4: Präsentieren & Publizieren,"Dimension Verständnis: Verstehen, Einordnen, Orientieren",Wirkungsvolles Präsentieren,"IB.1.2.f,IB.3.3.a",…nehmen unterschiedliche Wirkungen von Text und Bildkombinationen wahr und können diese beschreiben.,Zyklus 2,3./4.
RS.4.6.b,Handlungsfeld 4: Präsentieren & Publizieren,"Dimension Verständnis: Verstehen, Einordnen, Orientieren",Wirkungsvolles Präsentieren,IB.3.3.b,"…kennen Grundlagen wirkungsvoller Präsentationen (z.B. Titel, Strukturierung, Fokussierung auf zentrale Aussagen). ",Zyklus 2,5./6.
RS.4.6.c,Handlungsfeld 4: Präsentieren & Publizieren,"Dimension Verständnis: Verstehen, Einordnen, Orientieren",Wirkungsvolles Präsentieren,IB.3.3.b,…kennen Kriterien guter Präsentationen und können die Möglichkeiten von Präsentationssoftware entsprechend nutzen.,Zyklus 3,7.
RS.4.6.d,Handlungsfeld 4: Präsentieren & Publizieren,"Dimension Verständnis: Verstehen, Einordnen, Orientieren",Wirkungsvolles Präsentieren,"IB.3.3.b,IB.3.3.c,IB.3.3.d",…kennen Kriterien guter Präsentationen und können diese auf eigene und fremde Werke anwenden.,Zyklus 3,8.
RS.4.6.e,Handlungsfeld 4: Präsentieren & Publizieren,"Dimension Verständnis: Verstehen, Einordnen, Orientieren",Wirkungsvolles Präsentieren,IB.3.3.g,"…können Präsentationen mit digitalen Medien gezielt durch Stimme, Gestik, Mimik und den Einsatz von anregendem Anschauungsmaterial ergänzen.",Zyklus 3,9.
RS.5.1.a,"Handlungsfeld 5: Interagieren, Strukturieren & Programmieren","Dimension Zugang: Zugang finden, Handhaben, Anwenden",Benutzeroberflächen und Dateimanagement,IB.3.1.a,"…können digitale Geräte  korrekt ein- und ausschalten, Programme und Apps  starten und beenden und  sich in der Navigation von  altersgerechter Kindersoftware zurecht finden",Zyklus 1,"KiGa,1./2."
RS.5.1.b,"Handlungsfeld 5: Interagieren, Strukturieren & Programmieren","Dimension Zugang: Zugang finden, Handhaben, Anwenden",Benutzeroberflächen und Dateimanagement,"IB.3.1.a,IB.3.1.b,IB.3.1.c","…können digitale Geräte korrekt ein- und ausschalten, Programme und Apps starten und beenden, Dateien speichern und wiederfinden.",Zyklus 2,3./4.
RS.5.1.c,"Handlungsfeld 5: Interagieren, Strukturieren & Programmieren","Dimension Zugang: Zugang finden, Handhaben, Anwenden",Benutzeroberflächen und Dateimanagement,IB.2.1.f,"…können Dateien in einer einfachen Struktur verwalten, sich auf der Benutzeroberfläche der verwendeten Geräte zurechtfinden und Anpassungen vornehmen (z.B. Verknüpfungen erstellen, Sprachwahl ändern).",Zyklus 2,5./6.
RS.5.1.d,"Handlungsfeld 5: Interagieren, Strukturieren & Programmieren","Dimension Zugang: Zugang finden, Handhaben, Anwenden",Benutzeroberflächen und Dateimanagement,IB.2.1.f,…können Organisationsstrukturen zur Datenverwaltung anlegen.,Zyklus 3,7.
RS.5.1.e,"Handlungsfeld 5: Interagieren, Strukturieren & Programmieren","Dimension Zugang: Zugang finden, Handhaben, Anwenden",Benutzeroberflächen und Dateimanagement,IB.2.1.f,"…können Organisationsstrukturen zur Datenverwaltung anlegen und die Möglichkeiten der Benutzeroberfläche der Geräte so nutzen, dass die Arbeitsabläufe effizient sind.",Zyklus 3,8.
RS.5.2.a,"Handlungsfeld 5: Interagieren, Strukturieren & Programmieren","Dimension Zugang: Zugang finden, Handhaben, Anwenden",Standardfunktionen,"IB.2.3.a,IB.3.1.a","…können die im Unterricht eingesetzten digitalen Medien korrekt  benennen und verfügen  über ein grundlegendes  Repertoire an Befehlen  und Tätigkeiten (z.B. tippen, wischen, klicken) zur  Nutzung der Programme  und Geräte.",Zyklus 1,"KiGa,1./2."
RS.5.2.b,"Handlungsfeld 5: Interagieren, Strukturieren & Programmieren","Dimension Zugang: Zugang finden, Handhaben, Anwenden",Standardfunktionen,"IB.3.1.a,IB.3.1.c","…können die im Unterricht eingesetzten digitalen Medien korrekt benennen und beherrschen basale Befehle und Tätigkeiten (z.B. markieren, kopieren, löschen) zur Nutzung der Programme und Geräte. ",Zyklus 2,3./4.
RS.5.2.c,"Handlungsfeld 5: Interagieren, Strukturieren & Programmieren","Dimension Zugang: Zugang finden, Handhaben, Anwenden",Standardfunktionen,"IB.3.1.a,IB.3.1.c",…können digitale Medien korrekt benennen und verfügen über ein grundlegendes Repertoire an Befehlen und Tätigkeiten zur Nutzung der Programme und Geräte. ,Zyklus 2,5./6.
RS.5.2.d,"Handlungsfeld 5: Interagieren, Strukturieren & Programmieren","Dimension Zugang: Zugang finden, Handhaben, Anwenden",Standardfunktionen,IB.3.1.c,…können die im Unterricht eingesetzten Programme und Handlungsvorgänge korrekt benennen und die betriebssystem- und programmspezifischen Funktionen nutzen.,Zyklus 3,7.
RS.5.2.e,"Handlungsfeld 5: Interagieren, Strukturieren & Programmieren","Dimension Zugang: Zugang finden, Handhaben, Anwenden",Standardfunktionen,IB.3.1.f,…können Programme und Handlungsvorgänge korrekt benennen und die betriebssystem- und programmspezifischen Funktionen zur effizienten Organisation und Gestaltung von Arbeitsergebnissen nutzen.,Zyklus 3,8.
RS.5.3.a,"Handlungsfeld 5: Interagieren, Strukturieren & Programmieren","Dimension Zugang: Zugang finden, Handhaben, Anwenden",Hardware-Architektur,IB.2.3.l,…können übliche Ein- und Ausgabegeräte benennen.,Zyklus 2,3./4.
RS.5.3.b,"Handlungsfeld 5: Interagieren, Strukturieren & Programmieren","Dimension Zugang: Zugang finden, Handhaben, Anwenden",Hardware-Architektur,IB.2.3.l,…können die wesentlichen Bestandteile eines Computers benennen.,Zyklus 2,5./6.
RS.5.3.c,"Handlungsfeld 5: Interagieren, Strukturieren & Programmieren","Dimension Zugang: Zugang finden, Handhaben, Anwenden",Hardware-Architektur,IB.2.3.l,…können mit peripherer Hardware umgehen.,Zyklus 3,7.
RS.5.3.d,"Handlungsfeld 5: Interagieren, Strukturieren & Programmieren","Dimension Zugang: Zugang finden, Handhaben, Anwenden",Hardware-Architektur,,"…wissen, wie einfache Bestandteile der Hardware-Architektur ausgebaut und ersetzt werden.",Zyklus 3,8.
RS.5.3.e,"Handlungsfeld 5: Interagieren, Strukturieren & Programmieren","Dimension Zugang: Zugang finden, Handhaben, Anwenden",Hardware-Architektur,,…können die Systematik und Referenzmodelle der HardwareArchitektur verstehen.,Zyklus 3,9.
RS.5.4.a,"Handlungsfeld 5: Interagieren, Strukturieren & Programmieren","Dimension Zugang: Zugang finden, Handhaben, Anwenden",Nutzung von Tabellenkalkulationsprogrammen,IB.3.3.d,…können Daten aus ihrem Alltag in Listen und Tabellen erfassen (in Papierform).,Zyklus 2,3./4.
RS.5.4.b,"Handlungsfeld 5: Interagieren, Strukturieren & Programmieren","Dimension Zugang: Zugang finden, Handhaben, Anwenden",Nutzung von Tabellenkalkulationsprogrammen,"IB.3.3.d,IB.3.3.e,IB.3.3.f","… kennen das Grundprinzip von Tabellenkalkulationsprogrammen (z.B. Zeilen, Spalten und Tabellen) und können dies für Sortier- und einfache Rechenfunktionen einsetzen.",Zyklus 2,5./6.
RS.5.4.c,"Handlungsfeld 5: Interagieren, Strukturieren & Programmieren","Dimension Zugang: Zugang finden, Handhaben, Anwenden",Nutzung von Tabellenkalkulationsprogrammen,IB.3.3.d,"…kennen Verfahren, um Daten als Diagramme darzustellen.",Zyklus 3,7.
RS.5.4.d,"Handlungsfeld 5: Interagieren, Strukturieren & Programmieren","Dimension Zugang: Zugang finden, Handhaben, Anwenden",Nutzung von Tabellenkalkulationsprogrammen,"IB.3.3.d,IB.3.3.e,IB.3.3.f","…können die Syntax von Tabellenkalkulationsprogrammen verstehen, können Formeln und Funktionen nachvollziehen und eigene Formeln erstellen.",Zyklus 3,8.
RS.5.4.e,"Handlungsfeld 5: Interagieren, Strukturieren & Programmieren","Dimension Zugang: Zugang finden, Handhaben, Anwenden",Nutzung von Tabellenkalkulationsprogrammen,"IB.3.3.d,IB.3.3.e,IB.3.3.f",…können Tabellenkalkulationsprogramm als Grundlage zur Erstellung von Datenbanken nutzen.,Zyklus 3,9.
RS.5.5.a,"Handlungsfeld 5: Interagieren, Strukturieren & Programmieren","Dimension Zugang: Zugang finden, Handhaben, Anwenden",Umgang mit Dateiformaten,"IB.1.3.b,IB.1.3.c",…kennen den Unterschied zwischen Text- und Bilddateien auf ihrem Computer und können diese miteinander kombinieren.,Zyklus 2,3./4.
RS.5.5.b,"Handlungsfeld 5: Interagieren, Strukturieren & Programmieren","Dimension Zugang: Zugang finden, Handhaben, Anwenden",Umgang mit Dateiformaten,"IB.2.1.d,IB.2.1.e","…wissen, dass verschiedene Dateiformate existieren und können Bild-, Text-, Audio- und Videoformate unterscheiden.",Zyklus 2,5./6.
RS.5.5.c,"Handlungsfeld 5: Interagieren, Strukturieren & Programmieren","Dimension Zugang: Zugang finden, Handhaben, Anwenden",Umgang mit Dateiformaten,IB.3.3.b,"…können Bild- und Audiodateien so aufbereiten und abspeichern, dass sich diese in Präsentationen einbinden lassen.",Zyklus 3,7.
RS.5.5.d,"Handlungsfeld 5: Interagieren, Strukturieren & Programmieren","Dimension Zugang: Zugang finden, Handhaben, Anwenden",Umgang mit Dateiformaten,IB.3.3.b,"…können Bild- und Audiodateien so aufbereiten und abspeichern, dass sich diese in Präsentationen einbinden oder im Netz veröffentlichen lassen.",Zyklus 3,8.
RS.5.6.a,"Handlungsfeld 5: Interagieren, Strukturieren & Programmieren","Dimension Verständnis: Verstehen, Einordnen, Orientieren",Sorgfalt im Umgang mit digitalen Geräten,"IB.2.3.a,IB.3.1.a",…können die vorhandenen digitalen Geräte  sorgfältig verwenden.,Zyklus 1,"KiGa,1./2."
RS.5.6.b,"Handlungsfeld 5: Interagieren, Strukturieren & Programmieren","Dimension Verständnis: Verstehen, Einordnen, Orientieren",Sorgfalt im Umgang mit digitalen Geräten,"IB.2.3.a,IB.3.1.a,IB.3.1.c",…können die vorhandenen digitalen Geräte sorgfältig verwenden und bereitstellen.,Zyklus 2,3./4.
RS.5.6.c,"Handlungsfeld 5: Interagieren, Strukturieren & Programmieren","Dimension Verständnis: Verstehen, Einordnen, Orientieren",Sorgfalt im Umgang mit digitalen Geräten,"IB.2.3.d,IB.2.3.e,IB.3.1.c",…können die vorhandenen digitalen Geräte eigenverantwortlich und sachgerecht verwenden.,Zyklus 2,5./6.
RS.5.6.d,"Handlungsfeld 5: Interagieren, Strukturieren & Programmieren","Dimension Verständnis: Verstehen, Einordnen, Orientieren",Sorgfalt im Umgang mit digitalen Geräten,"IB.2.3.h,IB.2.3.n","…sind sich der Gefahren von Viren, Würmern und Hackerangriffen bewusst.",Zyklus 3,7.
RS.5.6.e,"Handlungsfeld 5: Interagieren, Strukturieren & Programmieren","Dimension Verständnis: Verstehen, Einordnen, Orientieren",Sorgfalt im Umgang mit digitalen Geräten,"IB.2.3.h,IB.2.3.n","…sind sich der Gefahren bewusst, die für Daten, Computer und Netzwerk bestehen, und können Sicherheitsregeln und Abwehrstrategien anwenden.",Zyklus 3,8.
RS.5.7.a,"Handlungsfeld 5: Interagieren, Strukturieren & Programmieren","Dimension Verständnis: Verstehen, Einordnen, Orientieren",Grundprinzipien der Informatik,IB.1.3.a,…können auf verschiedene Art und Weise Bilder  erstellen.,Zyklus 1,"KiGa,1./2."
RS.5.7.b,"Handlungsfeld 5: Interagieren, Strukturieren & Programmieren","Dimension Verständnis: Verstehen, Einordnen, Orientieren",Grundprinzipien der Informatik,IB.2.1.d,…können die Grundprinzipien von Raster- und Vektorgraphiken erkennen.,Zyklus 2,3./4.
RS.5.7.c,"Handlungsfeld 5: Interagieren, Strukturieren & Programmieren","Dimension Verständnis: Verstehen, Einordnen, Orientieren",Grundprinzipien der Informatik,IB.2.3.f,…können die Grundprinzipen der Codierung (Bits und Bytes) verstehen.,Zyklus 2,5./6.
RS.5.7.d,"Handlungsfeld 5: Interagieren, Strukturieren & Programmieren","Dimension Verständnis: Verstehen, Einordnen, Orientieren",Grundprinzipien der Informatik,IB.2.2.f,…können einfache geometrische Figuren algoritmisch zeichnen.,Zyklus 3,7.
RS.5.7.e,"Handlungsfeld 5: Interagieren, Strukturieren & Programmieren","Dimension Verständnis: Verstehen, Einordnen, Orientieren",Grundprinzipien der Informatik,"IB.2.2.g,IB.2.2.h",…können grundlegende mathematische Phänomene informatisch abbilden.,Zyklus 3,8.
RS.5.7.f,"Handlungsfeld 5: Interagieren, Strukturieren & Programmieren","Dimension Verständnis: Verstehen, Einordnen, Orientieren",Grundprinzipien der Informatik,"IB.2.2.g,IB.2.2.h",…können selbstständig informatische Lösungswege erarbeiten und informatische Aufgaben mit verschiedenen Algorithmen lösen.,Zyklus 3,9.
RS.5.8.a,"Handlungsfeld 5: Interagieren, Strukturieren & Programmieren","Dimension Verständnis: Verstehen, Einordnen, Orientieren",Computational Thinking Patterns,IB.2.2.e,"…können erkennen, benennen und begründen, welche Problemkategorien von Computern besser als von Menschen gelöst werden können (und umgekehrt).",Zyklus 2,3./4.
RS.5.8.b,"Handlungsfeld 5: Interagieren, Strukturieren & Programmieren","Dimension Verständnis: Verstehen, Einordnen, Orientieren",Computational Thinking Patterns,"IB.2.2.d,IB.2.2.e","…können aus vorgegebenen oder auch selbst gewählten Situationen Modelle bilden (z.B. Objekte, Eigenschaften, Methoden und Abläufe) beschreiben.",Zyklus 2,5./6.
RS.5.8.c,"Handlungsfeld 5: Interagieren, Strukturieren & Programmieren","Dimension Verständnis: Verstehen, Einordnen, Orientieren",Computational Thinking Patterns,"IB.2.2.f,IB.2.2.g",…können bestehende Lösungswege (z.B. aus der Mathematik) modular und algorithmisch exakt beschreiben und in einer einfachen Programmiersprache (z.B. Scratch oder XLogo) umsetzen.,Zyklus 3,7.
RS.5.8.d,"Handlungsfeld 5: Interagieren, Strukturieren & Programmieren","Dimension Verständnis: Verstehen, Einordnen, Orientieren",Computational Thinking Patterns,"IB.2.2.g,IB.2.2.h","…können die Komplexität und damit die technische Umsetzbarkeit verschiedener Lösungswege für ein Problem erkennen, beschreiben und vergleichen.",Zyklus 3,8.
RS.5.8.e,"Handlungsfeld 5: Interagieren, Strukturieren & Programmieren","Dimension Verständnis: Verstehen, Einordnen, Orientieren",Computational Thinking Patterns,"IB.2.2.g,IB.2.2.h","…können Systeme entwerfen, die trotz Grenzen der IT (z.B. beschränkter Speicherplatz, beschränkte Geschwindigkeit, Rundungsfehler bei Fliesskommazahlen) die gegebene Problemstellung lösen.",Zyklus 3,9.
RS.5.9.a,"Handlungsfeld 5: Interagieren, Strukturieren & Programmieren","Dimension Verständnis: Verstehen, Einordnen, Orientieren",Technologischer Wandel und seine Auswirkungen,IB.1.1.b,"…können unterscheiden  zwischen Handlungen mit  und ohne digitale Medien  (z.B. Spielen, Zeichnen,  Geschichten hören).",Zyklus 1,"KiGa,1./2."
RS.5.9.b,"Handlungsfeld 5: Interagieren, Strukturieren & Programmieren","Dimension Verständnis: Verstehen, Einordnen, Orientieren",Technologischer Wandel und seine Auswirkungen,IB.1.1.c,"…können Unterschiede zwischen Handlungen mit und ohne digitale Medien wahrnehmen und benennen (z.B. Spielen, Zeichnen, Geschichten hören).",Zyklus 2,3./4.
RS.5.9.c,"Handlungsfeld 5: Interagieren, Strukturieren & Programmieren","Dimension Verständnis: Verstehen, Einordnen, Orientieren",Technologischer Wandel und seine Auswirkungen,"IB.1.1.d,IB.1.1.e,IB.1.1.e",… können den Einsatz digitaler Medien begründen und sind sich über die Auswirkungen von Computer und Internet auf ihren Alltag bewusst.,Zyklus 2,5./6.
RS.5.9.d,"Handlungsfeld 5: Interagieren, Strukturieren & Programmieren","Dimension Verständnis: Verstehen, Einordnen, Orientieren",Technologischer Wandel und seine Auswirkungen,"IB.1.1.e,IB.1.1.e,IB.1.1.f","…können den Einsatz digitaler Medien begründen und sind sich über die Auswirkungen von Computer und Internet auf die Gesellschaft bewusst (Themen: Digital Gap, Gender, Chancengleichheit).",Zyklus 3,7.
RS.5.9.e,"Handlungsfeld 5: Interagieren, Strukturieren & Programmieren","Dimension Verständnis: Verstehen, Einordnen, Orientieren",Technologischer Wandel und seine Auswirkungen,IB.1.1.g,"…können den Einsatz digitaler Medien begründen und sind sich über die Auswirkungen von Computer und Internet auf die Gesellschaft bewusst (Themen: Green IT, Nachhaltigkeit).",Zyklus 3,8.
RS.6.1.a,"Handlungsfeld 6: Kreieren, Komponieren & Gestalten","Dimension Zugang: Zugang finden, Handhaben, Anwenden",Nutzung von Zeichnungs- und Bildbearbeitungsprogrammen,"IB.1.3.a,IB.1.3.b",...können mit den Grundfunktionen einfacher  Zeichnungs- und Malwerkprogrammen oder Apps  eine digitale Zeichnung  erstellen.,Zyklus 1,"KiGa,1./2."
RS.6.1.b,"Handlungsfeld 6: Kreieren, Komponieren & Gestalten","Dimension Zugang: Zugang finden, Handhaben, Anwenden",Nutzung von Zeichnungs- und Bildbearbeitungsprogrammen,IB.1.3.b,…können mit einfachen Zeichnungs- und Malwerkprogrammen oder Apps eine digitale Zeichnung erstellen.,Zyklus 2,3./4.
RS.6.1.c,"Handlungsfeld 6: Kreieren, Komponieren & Gestalten","Dimension Zugang: Zugang finden, Handhaben, Anwenden",Nutzung von Zeichnungs- und Bildbearbeitungsprogrammen,IB.3.3.b,…können digitale Bilder mit einfachen digitalen Werkzeugen zur Bildverfremdung bearbeiten und verändern.,Zyklus 2,5./6.
RS.6.1.d,"Handlungsfeld 6: Kreieren, Komponieren & Gestalten","Dimension Zugang: Zugang finden, Handhaben, Anwenden",Nutzung von Zeichnungs- und Bildbearbeitungsprogrammen,IB.3.3.b,"…können die Arbeit mit Werkzeugen für vorgegebene Bildverfremdungen (z.B. Online-Tools,  Filter, Apps) mit eigenständigen  Bildbearbeitungsschritten kombinieren.",Zyklus 3,7.
RS.6.1.e,"Handlungsfeld 6: Kreieren, Komponieren & Gestalten","Dimension Zugang: Zugang finden, Handhaben, Anwenden",Nutzung von Zeichnungs- und Bildbearbeitungsprogrammen,IB.3.3.b,"…können komplexe Zeichnungs- und Bildbearbeitungsprogramme nutzen, um eigenständige Bildveränderungen und -kompositionen zu erstellen.",Zyklus 3,8.
RS.6.1.f,"Handlungsfeld 6: Kreieren, Komponieren & Gestalten","Dimension Zugang: Zugang finden, Handhaben, Anwenden",Nutzung von Zeichnungs- und Bildbearbeitungsprogrammen,,…kennen den Unterschied zwischen Raster- und Vektrografiken und das Prinzip der Skalierbarkeit und können effizient mit unterschiedlichen Bildformaten umgehen.,Zyklus 3,9.
RS.6.2.a,"Handlungsfeld 6: Kreieren, Komponieren & Gestalten","Dimension Zugang: Zugang finden, Handhaben, Anwenden",Herstellung von bewegten Bildern,IB.3.3.b,"…können mit Hilfe von digitalen Geräten oder StopMotion-Animationen (z.B. Kamera, Handy, Tablet) Geschichten erzählen.",Zyklus 2,5./6.
RS.6.2.b,"Handlungsfeld 6: Kreieren, Komponieren & Gestalten","Dimension Zugang: Zugang finden, Handhaben, Anwenden",Herstellung von bewegten Bildern,IB.3.3.b,…können eigene Videoaufnahmen machen und mit einfacher Videoschnitt-Software bearbeiten.,Zyklus 3,7.
RS.6.2.c,"Handlungsfeld 6: Kreieren, Komponieren & Gestalten","Dimension Zugang: Zugang finden, Handhaben, Anwenden",Herstellung von bewegten Bildern,"IB.3.3.b,IB.3.3.c","…können ein selbst erstelltes und bearbeitetes Video im Netz präsentieren (z.B. Homepage, Youtube).",Zyklus 3,8.
RS.6.2.d,"Handlungsfeld 6: Kreieren, Komponieren & Gestalten","Dimension Zugang: Zugang finden, Handhaben, Anwenden",Herstellung von bewegten Bildern,"IB.3.3.b,IB.3.3.c","…können kleine Videoprojekte (z.B. Film, Stop-Motion) vom Drehbuch über Aufnahme und Schnitt bis zur Publikation realisieren.",Zyklus 3,9.
RS.6.3.a,"Handlungsfeld 6: Kreieren, Komponieren & Gestalten","Dimension Zugang: Zugang finden, Handhaben, Anwenden",Nutzung von Audioprogrammen,IB.3.3.b,…können verschiedene Geräte (z.B. Computer und Tablets) zur Aufnahme von Tönen und Klängen einsetzen.,Zyklus 2,3./4.
RS.6.3.b,"Handlungsfeld 6: Kreieren, Komponieren & Gestalten","Dimension Zugang: Zugang finden, Handhaben, Anwenden",Nutzung von Audioprogrammen,IB.3.3.b,…können mit Audioprogrammen und Apps einfache Bearbeitungsschritte von Tonaufnahmen machen und vorgefertigte Klangelemente («Samples») zu eigenen Kompositionen zusammensetzen.,Zyklus 2,5./6.
RS.6.3.c,"Handlungsfeld 6: Kreieren, Komponieren & Gestalten","Dimension Zugang: Zugang finden, Handhaben, Anwenden",Nutzung von Audioprogrammen,"IB.3.3.b,IB.3.3.c",… können mit Hilfe von Audioprogrammen und Apps einfache Kompositionen erstellen und mit vorgefertigtem und eigenem digitalen Audiomaterial kleine Musikprojekte realisieren.,Zyklus 3,7.
RS.6.3.d,"Handlungsfeld 6: Kreieren, Komponieren & Gestalten","Dimension Zugang: Zugang finden, Handhaben, Anwenden",Nutzung von Audioprogrammen,,… kennen das Prinzip der Umwandlung analoger Signale in digitale (und umgekehrt) und können mit diesem Wissen Audioaufnahmen machen.,Zyklus 3,8.
RS.6.3.e,"Handlungsfeld 6: Kreieren, Komponieren & Gestalten","Dimension Zugang: Zugang finden, Handhaben, Anwenden",Nutzung von Audioprogrammen,,…kennen das Prinzip der Datenkompression bei Audiodaten und können effizient mit unterschiedlichen Audioformaten umgehen.,Zyklus 3,9.
RS.6.4.a,"Handlungsfeld 6: Kreieren, Komponieren & Gestalten","Dimension Verständnis: Verstehen, Einordnen, Orientieren",Bild- und Tonmanipulation,,…können Bild- und Tonmanipulationen nachvollziehen. ,Zyklus 2,5./6.
RS.6.4.b,"Handlungsfeld 6: Kreieren, Komponieren & Gestalten","Dimension Verständnis: Verstehen, Einordnen, Orientieren",Bild- und Tonmanipulation,,"…wissen, dass Bild- und Tonmanipulationen problematisch sein können (z.B. ehrverletzende Wirkung).",Zyklus 3,7.
RS.6.4.c,"Handlungsfeld 6: Kreieren, Komponieren & Gestalten","Dimension Verständnis: Verstehen, Einordnen, Orientieren",Bild- und Tonmanipulation,,…können Bild- und Tonmanipulationen erkennen und ihre Wirkung einschätzen.,Zyklus 3,8.
RS.6.4.d,"Handlungsfeld 6: Kreieren, Komponieren & Gestalten","Dimension Verständnis: Verstehen, Einordnen, Orientieren",Bild- und Tonmanipulation,,"…können Bilder, Töne und Klänge in ihrer Aussagekraft gezielt verändern.",Zyklus 3,9.
RS.6.5.a,"Handlungsfeld 6: Kreieren, Komponieren & Gestalten","Dimension Verständnis: Verstehen, Einordnen, Orientieren",Urheberrecht in der Kunst,IB.1.3.e,…kennen die Grundprinzipien des Copyrights für ihre persönliche kreative Arbeit.,Zyklus 2,5./6.
RS.6.5.b,"Handlungsfeld 6: Kreieren, Komponieren & Gestalten","Dimension Verständnis: Verstehen, Einordnen, Orientieren",Urheberrecht in der Kunst,IB.1.3.g,…kennen die Folgen der Piraterie für Kunstschaffende.,Zyklus 3,7.
RS.6.5.c,"Handlungsfeld 6: Kreieren, Komponieren & Gestalten","Dimension Verständnis: Verstehen, Einordnen, Orientieren",Urheberrecht in der Kunst,IB.1.3.g,…kennen Plattformen für Creative Commons und nutzen sie verantwortungsvoll für eigene künstlerische Erzeugnisse.,Zyklus 3,8.
RS.6.5.d,"Handlungsfeld 6: Kreieren, Komponieren & Gestalten","Dimension Verständnis: Verstehen, Einordnen, Orientieren",Urheberrecht in der Kunst,"IB.1.3.g,IB.1.3.h",…können eigene Werke als Creative Commons veröffentlichen und anderen zur Verfügung stellen.,Zyklus 3,9.
RS.7.1.a,"Handlungsfeld 7: Lernen, Verarbeiten & Transferieren","Dimension Zugang: Zugang finden, Handhaben, Anwenden",Digitale Lernhilfen zum Üben,IB.1.2.c,"…können spielerische,  digitale Lernangebote  nutzen (z.B. Apps, Webseiten, Lernsoftware).",Zyklus 1,"KiGa,1./2."
RS.7.1.b,"Handlungsfeld 7: Lernen, Verarbeiten & Transferieren","Dimension Zugang: Zugang finden, Handhaben, Anwenden",Digitale Lernhilfen zum Üben,IB.1.2.c,…können sich bei altersgerechten digitalen Lernangeboten selbständig anmelden und diese durcharbeiten.,Zyklus 2,3./4.
RS.7.1.c,"Handlungsfeld 7: Lernen, Verarbeiten & Transferieren","Dimension Zugang: Zugang finden, Handhaben, Anwenden",Digitale Lernhilfen zum Üben,"IB.1.2.c,IB.3.2.a","…können sich bei altersgerechten digitalen Lernangeboten selbständig anmelden, diese durcharbeiten und/oder einfache digitale Übungsformen zur Vertiefung von Lerninhalten erstellen.",Zyklus 2,5./6.
RS.7.1.d,"Handlungsfeld 7: Lernen, Verarbeiten & Transferieren","Dimension Zugang: Zugang finden, Handhaben, Anwenden",Digitale Lernhilfen zum Üben,IB.3.2.d,…können vorgefertigte digitale Lernhilfen zum Festigen und Trainieren von Inhalten verwenden.,Zyklus 3,7.
RS.7.1.e,"Handlungsfeld 7: Lernen, Verarbeiten & Transferieren","Dimension Zugang: Zugang finden, Handhaben, Anwenden",Digitale Lernhilfen zum Üben,IB.3.2.d,…können vorgefertigte digitale Lernhilfen zum Festigen und Trainieren von Inhalten verwenden und mit geeigneten Werkzeugen eigene Übungsformen erstellen.,Zyklus 3,8.
RS.7.2.a,"Handlungsfeld 7: Lernen, Verarbeiten & Transferieren","Dimension Zugang: Zugang finden, Handhaben, Anwenden",Aufbau von Wissen mit Tutorials,IB.3.2.b,"…können einfache, altersgerechte Lerntutorials nutzen (z.B. Videoanleitung auf Youtube oder Apps).",Zyklus 2,3./4.
RS.7.2.b,"Handlungsfeld 7: Lernen, Verarbeiten & Transferieren","Dimension Zugang: Zugang finden, Handhaben, Anwenden",Aufbau von Wissen mit Tutorials,IB.3.2.b,"…können verschiedene, altersgerechte Lerntutorials nutzen (z.B. Videoanleitung auf Youtube oder Apps). ",Zyklus 2,5./6.
RS.7.2.c,"Handlungsfeld 7: Lernen, Verarbeiten & Transferieren","Dimension Zugang: Zugang finden, Handhaben, Anwenden",Aufbau von Wissen mit Tutorials,IB.3.2.b,"…können selbständig verschiedene, altersgerechte Lerntutorials nutzen (z.B. Videoanleitung auf Youtube oder Apps).",Zyklus 3,7.
RS.7.2.d,"Handlungsfeld 7: Lernen, Verarbeiten & Transferieren","Dimension Zugang: Zugang finden, Handhaben, Anwenden",Aufbau von Wissen mit Tutorials,IB.3.3.d,"…können eigene Lerntutorials erstellen (z.B. Videotutorial, Lernfilm).",Zyklus 3,8.
RS.7.3.a,"Handlungsfeld 7: Lernen, Verarbeiten & Transferieren","Dimension Zugang: Zugang finden, Handhaben, Anwenden",Wissenskonstruktion in digitalen Lernumgebungen,IB.3.2.c,"…können gesammelte Informationen in eine digitale Form bringen, die sie beim Lernen unterstützt. ",Zyklus 2,5./6.
RS.7.3.b,"Handlungsfeld 7: Lernen, Verarbeiten & Transferieren","Dimension Zugang: Zugang finden, Handhaben, Anwenden",Wissenskonstruktion in digitalen Lernumgebungen,IB.3.2.d,…können gesammelte Information mit digitalen Medien aufbereiten.,Zyklus 3,7.
RS.7.3.c,"Handlungsfeld 7: Lernen, Verarbeiten & Transferieren","Dimension Zugang: Zugang finden, Handhaben, Anwenden",Wissenskonstruktion in digitalen Lernumgebungen,IB.3.2.d,"…können gesammelte Information mit digitalen Medien aufbereiten und mit vorhandenem Wissen verknüpfen, um daraus neues Wissen zu konstruieren.",Zyklus 3,8.
RS.7.4.a,"Handlungsfeld 7: Lernen, Verarbeiten & Transferieren","Dimension Verständnis: Verstehen, Einordnen, Orientieren",Integration digitaler Medien in Arbeits- und Lernstrategien,"IB.3.2.a,IB.3.2.b","…können Programme, Apps und digitale Geräte (z.B. Aufnahmegeräte) als Lernhilfe wahrnehmen.",Zyklus 2,3./4.
RS.7.4.b,"Handlungsfeld 7: Lernen, Verarbeiten & Transferieren","Dimension Verständnis: Verstehen, Einordnen, Orientieren",Integration digitaler Medien in Arbeits- und Lernstrategien,IB.3.3.b,"…können Programme, Apps und digitale Geräte (z.B. Aufnahmegeräte) als Lernhilfe wahrnehmen und bei Bedarf einsetzen.",Zyklus 2,5./6.
RS.7.4.c,"Handlungsfeld 7: Lernen, Verarbeiten & Transferieren","Dimension Verständnis: Verstehen, Einordnen, Orientieren",Integration digitaler Medien in Arbeits- und Lernstrategien,IB.3.2.d,…können digitale Medien zur Organisation des eigenen Lernprozesses nutzen.,Zyklus 3,7.
RS.7.4.d,"Handlungsfeld 7: Lernen, Verarbeiten & Transferieren","Dimension Verständnis: Verstehen, Einordnen, Orientieren",Integration digitaler Medien in Arbeits- und Lernstrategien,IB.3.2.d,…können digitale Medien zur Organisation des eigenen Lernprozesses verwenden und den Nutzen für den Lernprozess abschätzen.,Zyklus 3,8.
RS.7.5.a,"Handlungsfeld 7: Lernen, Verarbeiten & Transferieren","Dimension Verständnis: Verstehen, Einordnen, Orientieren",Organisation einer digitalen Lernumgebung,IB.3.2.a,"…können unterschiedliche Lernmedien zu identischen Lerninhalten nutzen und miteinander kombinieren (z.B. Apps, Bücher, CDROM, Arbeitsblatt).",Zyklus 2,3./4.
RS.7.5.b,"Handlungsfeld 7: Lernen, Verarbeiten & Transferieren","Dimension Verständnis: Verstehen, Einordnen, Orientieren",Organisation einer digitalen Lernumgebung,"IB.1.4.d,IB.3.2.a","…können unterschiedliche Lernmedien (z.B. Apps, Bücher, CD-ROM, Arbeitsblatt) miteinander kombinieren und selbständig eine kleine Lernumgebung unter Einbezug digitaler Medien erstellen (z.B. digitales Portfolio, digitales Lerntagebuch).",Zyklus 2,5./6.
RS.7.5.c,"Handlungsfeld 7: Lernen, Verarbeiten & Transferieren","Dimension Verständnis: Verstehen, Einordnen, Orientieren",Organisation einer digitalen Lernumgebung,"IB.1.4.d,IB.3.2.d",…können unterschiedliche Lernmedien miteinander kombinieren und selbständig eine mediengestützte Lernumgebung aufbauen.,Zyklus 3,7.
RS.7.5.d,"Handlungsfeld 7: Lernen, Verarbeiten & Transferieren","Dimension Verständnis: Verstehen, Einordnen, Orientieren",Organisation einer digitalen Lernumgebung,IB.3.2.d,…können selbständig eine mediengestützte und auf ihre Lernbedürfnisse angepasste Lernumgebung (PLE) erstellen.,Zyklus 3,8.
RS.7.5.e,"Handlungsfeld 7: Lernen, Verarbeiten & Transferieren","Dimension Verständnis: Verstehen, Einordnen, Orientieren",Organisation einer digitalen Lernumgebung,"IB.1.4.e,IB.1.4.f,IB.3.2.d","…können selbständig eine Lernumgebung aufbauen, unterhalten, weiterentwickeln, mit andern teilen und sich austauschen.",Zyklus 3,9.