Thema,Um was geht es?,Lehrmittel,Bild Lehrmittel,Anzahl Lektionen,Kompetenzen Lehrplan,File rouge,Unterlagen zum Kapitel,Schuljahr,Lektionsplanung,Zeitraum der Bearbeitung,Startdatum,Übersicht PICTS Buchungen,PICTS buchen
Herbstferien,,,roboter_herbst.png (https://v5.airtableusercontent.com/v3/u/48/48/1765202400000/-cVjt72ucVNsLW40DZthHA/9uBF6yhgrarjrQhBj8n7V5ytqyemXPIFFpnQsKIrq48uO_Cfn8HgdkNM-0A27bCffrXLxNhZnnv-tu2OmvJH05biMRvifNQdq5LZaCCL_jHqdNgcoJrV4RqSCmJWncStXYo2H8bOxmi4qe1-EgxnaFDxs03JrCzvzeqQDyKrbJo/hgUkvcsypFBu3z7L5dx2Op9mOi1b8tnSJFUpD1kwAAw),,,,,"KiGa,1. Klasse,2. Klasse,3. Klasse,4. Klasse,5. Klasse,6. Klasse,7. Klasse,8. Klasse,9. Klasse",,Herbstferien,28.9.2024,,https://calendly.com/picts_belose/projektbegleitung
Weihnachtsferien,,,roboter_weihnachten.png (https://v5.airtableusercontent.com/v3/u/48/48/1765202400000/CVPuFGMZjVVRfrFb4pFq0A/4y20UXwmfM4xTj7TccOaa2YV_pFT9Rs0FpV-ueYsvCSzsglGx5oTeuKOQIGkNYVzStcGoLovMO96okLywTGfbcaMFKDclfg5gJ9AokYCDCqX7Gzi1NThPVn3BLVDWtqE0qgPqP57XtnOERPbclRWSzCjZ8BzOeWKtdj1RCaXqc0/m3QcSSQkShyiLejZ7abxKytDO-eHy9ZmPMLTNdY4MrM),,,,,"KiGa,1. Klasse,2. Klasse,3. Klasse,4. Klasse,5. Klasse,6. Klasse,7. Klasse,8. Klasse,9. Klasse",,Weihnachtsferien,,,https://calendly.com/picts_belose/projektbegleitung
Winterferien,,,roboter_winter.png (https://v5.airtableusercontent.com/v3/u/48/48/1765202400000/dcZ_otBEBgWWt3wEdcPvLQ/0MkpwyusPmqUZ8J8du6x7QDykHTIDHwf75BotULE3-f_7CJlePrtpfZFzHvMzA3Q29ArznNh2tDV58pQL9_FQVSGqCj1mu4_DD2jbpftK0r0jk-uuY_7l1hR6zj8WTTSU04-9TMT7G41lM2Io-fHJ4icvIPDsK5X5XMPZ2YR6gw/J5xY9TEEYD_NhpDJRaW6jconP3smR9zAfbxs34_U6oU),,,,,"KiGa,1. Klasse,2. Klasse,3. Klasse,4. Klasse,5. Klasse,6. Klasse,7. Klasse,8. Klasse,9. Klasse",,Winterferien,,,https://calendly.com/picts_belose/projektbegleitung
Frühlingsferien,,,roboter_frühling.png (https://v5.airtableusercontent.com/v3/u/48/48/1765202400000/XkoK3jDdt4rqw_nGB4m54A/2xye6swz5G1uoTRpCIwJ3ujrV8zNelGyylOpLQ-qCfWRLiEKG5MCbEND-9xhiaTDshtfTZxQVwtRlxFHforDZT3JWnDqV2LZFMXxtP1Ns80F80Ppoc0VZuxnbbofoxjh3EDuF4RiXc1kQNJNUPq9KWOjsu0Ie0Nv_na9QIoDHvY/R76Sjixx3I7lxt0Olua-rGZg4wAzLhX5smbQwopMKA4),,,,,"KiGa,1. Klasse,2. Klasse,3. Klasse,4. Klasse,5. Klasse,6. Klasse,7. Klasse,8. Klasse,9. Klasse",,Frühlingsferien,,,https://calendly.com/picts_belose/projektbegleitung
Sommerferien,,,roboter_sommer.png (https://v5.airtableusercontent.com/v3/u/48/48/1765202400000/fTmTwSF1VUHyULFZuGiAZw/OBvir4rXDqWDJ3ctxCTyF7MGc2lxo2lvolzwieeWxC3w-D8ejgKUroKcxPq0Tksclt3q8iVio_LVOYvyRN9QOeb89xt2OoyeHahnsTCiHDme2pcPFNS0uovJqe1Mtlr-nl2kVoNPwqvEATzlwCa2jrGhYizDDa7wh7yhsG4UaiY/APGKk5wPzyYlfh-gknaGwK-67gGdztjlgD-xAXdjtqs),,,,,"KiGa,1. Klasse,2. Klasse,3. Klasse,4. Klasse,5. Klasse,6. Klasse,7. Klasse,8. Klasse,9. Klasse",,Sommerferien,,,https://calendly.com/picts_belose/projektbegleitung
Einführung Videoschnitt mit ClipChamp,,,,,,,,,,,,15,https://calendly.com/picts_belose/projektbegleitung
Einführung Cloudstopmotion,,,,,,,,,,,,17,https://calendly.com/picts_belose/projektbegleitung
Einführung Book Creator,,,,,,,,,,,,18,https://calendly.com/picts_belose/projektbegleitung
Ordnerstruktur erstellen und Dateien speichern,,,,,,,,,,,,30,https://calendly.com/picts_belose/projektbegleitung
Einführung PowerPoint,,,,,,,,,,,,40,https://calendly.com/picts_belose/projektbegleitung
1 Mitten in der Medienwelt,Mediennutzung der Schüler als Einstieg in «Medien und Informatik».,Connected 1,620610.02_L_01.png (https://v5.airtableusercontent.com/v3/u/48/48/1765202400000/j4gM0VXBiTq0W0tqOZ9h9w/LO4pg_24qg5LOTo9lUKQyOl4MaQTQ4cxvyzQPAV7B35OgJgN82WAfhOZpJhkWJ21gAHiVeb9Oxzx0I3agU5NTpk0doVSaLFBKiBpdBfpMy258EN1rn0a8tTZemyhirJb117zM2NUE9dp9_Rhi_-M8w/Ac8FDdeoOTIL0yseXDdRyT-JcemP0CWHDX3Bjly8lik),6,"IB.1.1.b,IB.1.1.c,IB.1.2.d,IB.1.3.d",https://002.lmvz.ch/connected-1-handbuch/1/uebersicht/,https://belosech.sharepoint.com/:b:/s/PICTS/ETilthQycpVNnRMzTYUFZQUB4H15wTxwDp7P_w9g_ou5iQ?e=TJ9a3m,5. Klasse,"Lektion 1 - 1 Mitten in der Medienwelt,Lektion 2 - 1 Mitten in der Medienwelt,Lektion 3 - 1 Mitten in der Medienwelt,Lektion 4 - 1 Mitten in der Medienwelt,Lektion 5 - 1 Mitten in der Medienwelt,Lektion 6 - 1 Mitten in der Medienwelt,Kompetenzüberprüfung - 1 Mitten in der Medienwelt",Sommerferien-Herbstferien,,,https://calendly.com/picts_belose/projektbegleitung
3 Informationen auf einen Blick,"Informationen können vielfältig strukturiert und visualisiert werden, z. B. als Texte, Tabellen, Diagramme, Bilder oder Videos. Schüler begegnen dieser Vielfalt in den Medien und müssen lernen, sie zu interpretieren. Digitale Werkzeuge ermöglichen die Nutzung verschiedener Darstellungsformen, wobei die Wahl der geeigneten Form wichtig ist. Die Regel lautet: «Inhalt vor Struktur vor Layout». Oft wird zuerst das Design gewählt, statt die Inhalte zu strukturieren. Eine wichtige Kompetenz ist daher die gezielte Präsentation von Informationen, die im Unterricht geübt werden sollte.",Connected 1,620610.02_L_01.png (https://v5.airtableusercontent.com/v3/u/48/48/1765202400000/j4gM0VXBiTq0W0tqOZ9h9w/LO4pg_24qg5LOTo9lUKQyOl4MaQTQ4cxvyzQPAV7B35OgJgN82WAfhOZpJhkWJ21gAHiVeb9Oxzx0I3agU5NTpk0doVSaLFBKiBpdBfpMy258EN1rn0a8tTZemyhirJb117zM2NUE9dp9_Rhi_-M8w/Ac8FDdeoOTIL0yseXDdRyT-JcemP0CWHDX3Bjly8lik),6,"IB.1.3.c,IB.1.3.f,IB.1.3.f,IB.2.1.b",https://002.lmvz.ch/connected-1-handbuch/3/uebersicht/,https://belosech.sharepoint.com/:b:/s/PICTS/EZFBUTtdHlxNpjJE1OTQh_oBaYthCx7o8QJUu8LqY1Yo-g?e=sXKQzC,5. Klasse,,Weihnachtsferien-Winterferien,,,https://calendly.com/picts_belose/projektbegleitung
2 Suchen und Finden im Internet,"Digitale Medien bieten viele Informationen. Suchmaschinen und Wikipedia erleichtern den Zugang, soziale Netzwerke ermöglichen Austausch. Heute müssen wir relevante Daten filtern. Informationskompetenz ist wichtig: Recherchieren, Glaubwürdigkeit beurteilen, Informationen weiterbearbeiten. Schulen lehren grundlegende Prinzipien der Informationsbeschaffung.",Connected 1,620610.02_L_01.png (https://v5.airtableusercontent.com/v3/u/48/48/1765202400000/j4gM0VXBiTq0W0tqOZ9h9w/LO4pg_24qg5LOTo9lUKQyOl4MaQTQ4cxvyzQPAV7B35OgJgN82WAfhOZpJhkWJ21gAHiVeb9Oxzx0I3agU5NTpk0doVSaLFBKiBpdBfpMy258EN1rn0a8tTZemyhirJb117zM2NUE9dp9_Rhi_-M8w/Ac8FDdeoOTIL0yseXDdRyT-JcemP0CWHDX3Bjly8lik),7,"IB.1.2.c,IB.1.2.e,IB.2.3.i",https://002.lmvz.ch/connected-1-handbuch/2/uebersicht/,https://belosech.sharepoint.com/:b:/s/PICTS/EX_UMt2QE_1MnEusshnNdboBZXqaGRuEghxcgOn00qwFgg?e=5lLKlY,5. Klasse,,Herbstferien-Weihnachtsferien,,,https://calendly.com/picts_belose/projektbegleitung
4 Vom Alltagscode zum digitalen Code,"Botschaften werden oft durch Buchstaben und Zahlen, sogenannte Codes, übermittelt. Dieses Kapitel zeigt, dass wir im Alltag verschiedene Codes verwenden, von einfachen (z. B. Kopfnicken) bis zu komplexen (z. B. mathematische Formeln). Schüler lernen zunächst Codes aus ihrem Umfeld kennen, bevor sie zu Computercodes übergehen. Zwei Zahlencodes werden genauer betrachtet: römische Zahlen und Binärzahlen, die Computer verwenden. Codes sind wichtig, da auch Programme und Webseiten durch sie beschrieben werden.",Connected 1,620610.02_L_01.png (https://v5.airtableusercontent.com/v3/u/48/48/1765202400000/j4gM0VXBiTq0W0tqOZ9h9w/LO4pg_24qg5LOTo9lUKQyOl4MaQTQ4cxvyzQPAV7B35OgJgN82WAfhOZpJhkWJ21gAHiVeb9Oxzx0I3agU5NTpk0doVSaLFBKiBpdBfpMy258EN1rn0a8tTZemyhirJb117zM2NUE9dp9_Rhi_-M8w/Ac8FDdeoOTIL0yseXDdRyT-JcemP0CWHDX3Bjly8lik),7,"IB.2.1.c,IB.2.1.d,IB.2.3.f",https://002.lmvz.ch/connected-1-handbuch/4/uebersicht/,https://belosech.sharepoint.com/:b:/s/PICTS/EUdrTLwLX4FArd69ANXsFroB2bpKDLOnW0FcoG0yDlDNpw?e=Ky3q8o,5. Klasse,,Winterferien-Frühlingsferien,,,https://calendly.com/picts_belose/projektbegleitung
5 Bilder: Punkt für Punkt,"Es gibt keine einheitliche Definition für Bilder. Im Unterricht sprechen wir meist von Fotografien, Zeichnungen oder Schemata. Dieses Kapitel konzentriert sich auf Fotografien und ihre Wirkung, die durch Kameraperspektive oder digitale Bearbeitung beeinflusst werden kann. Digitale Bilder sind leicht zu bearbeiten und zu manipulieren, oft schon in Smartphones und Digitalkameras. Die Binärcodierung von Bildern wird als Grundlage der digitalen Darstellung eingeführt. Rasterbilder sind ein guter Einstieg ins Programmieren, da Fehler sofort sichtbar sind. Der Malroboter hilft Schülern, Programmierung und Bildmanipulation zu lernen. Das Verständnis für die Bearbeitung von Rasterbildern soll das Bewusstsein für die Manipulierbarkeit von Fotografien schärfen.",Connected 1,620610.02_L_01.png (https://v5.airtableusercontent.com/v3/u/48/48/1765202400000/j4gM0VXBiTq0W0tqOZ9h9w/LO4pg_24qg5LOTo9lUKQyOl4MaQTQ4cxvyzQPAV7B35OgJgN82WAfhOZpJhkWJ21gAHiVeb9Oxzx0I3agU5NTpk0doVSaLFBKiBpdBfpMy258EN1rn0a8tTZemyhirJb117zM2NUE9dp9_Rhi_-M8w/Ac8FDdeoOTIL0yseXDdRyT-JcemP0CWHDX3Bjly8lik),7,"IB.1.3.c,IB.1.3.e,IB.2.1.d,IB.2.2.d,IB.2.2.e",https://002.lmvz.ch/connected-1-handbuch/5/uebersicht/,https://belosech.sharepoint.com/:b:/s/PICTS/EXGpPA_bzphGh0KRCNrr20UBMMzKUVYqnR6o2k5-tfPaTA?e=8KcmVj,5. Klasse,,Frühlingsferien-Sommerferien,,,https://calendly.com/picts_belose/projektbegleitung
1 Salz und Pfeffer - Bits und Bytes,"Computer sind vielseitige Geräte, die durch Programme für viele Zwecke einsetzbar sind. Sie stecken in alltäglichen Geräten wie Waschmaschinen oder Autos und steuern deren Funktionen. In diesem Kapitel lernen die Schülerinnen und Schüler spielerisch den Aufbau eines Computers, die Von-Neumann-Architektur und das Konzept von Algorithmen sowie Ablaufdiagrammen kennen.",Connected 2,620620.02_L_01.png (https://v5.airtableusercontent.com/v3/u/48/48/1765202400000/X_FHikn3i-NiXh7FgyMD7w/neLNRD0cfoZStBZwxDm5-3ICJ6FihYNsqQ9zDC67UX06Kvzd-EsXYBZTjwx9br2c8lMemLSuuWe4Rq6Jd-mVWrUrUQkD2kwiKQhEDE07I3Ttw7N3ZfUsvnfwo1kNshghr105z1HWQJPDGD5XoOoldw/HKKxERtqVZwMT4v0_K7EByxLzw2AFXJ4bF2bJO7m_s4),5,"IB.1.2.c,IB.2.1.b,IB.2.2.c,IB.2.2.d,IB.2.3.e,IB.2.3.f",https://002.lmvz.ch/connected-2-handbuch/1/uebersicht/,https://belosech.sharepoint.com/:b:/s/PICTS/Ef8Xsy4j-flChj_BdpPLs9QBWg0qwjmLy_gPq1yR3hXpcA?e=geEJPw,6. Klasse,,Sommerferien-Herbstferien,,,https://calendly.com/picts_belose/projektbegleitung
2 Das Einmaleins des Programmierens,"Algorithmen und Programme sind zentral für die Informatik, doch die meisten Anwenderinnen und Anwender programmieren heute nicht selbst. Stattdessen nutzen sie leistungsfähige Softwarepakete für verschiedene Aufgaben. Im Rahmen der Allgemeinbildung sollen Schülerinnen und Schüler durch erste Einblicke ins Programmieren die digitale Welt besser verstehen und einfache Programme schreiben können, ohne selbst Programmierer werden zu müssen.",Connected 2,620620.02_L_01.png (https://v5.airtableusercontent.com/v3/u/48/48/1765202400000/X_FHikn3i-NiXh7FgyMD7w/neLNRD0cfoZStBZwxDm5-3ICJ6FihYNsqQ9zDC67UX06Kvzd-EsXYBZTjwx9br2c8lMemLSuuWe4Rq6Jd-mVWrUrUQkD2kwiKQhEDE07I3Ttw7N3ZfUsvnfwo1kNshghr105z1HWQJPDGD5XoOoldw/HKKxERtqVZwMT4v0_K7EByxLzw2AFXJ4bF2bJO7m_s4),6,"IB.2.2.e,IB.2.2.f,IB.2.3.g",https://002.lmvz.ch/connected-2-handbuch/2/uebersicht/,https://belosech.sharepoint.com/:b:/s/PICTS/Eby1wiNPojlBj5iU2LNN-d0BehhB4_z6eXdyjqUwy8FxjA?e=lD4L4A,6. Klasse,,Herbstferien-Weihnachtsferien,,,https://calendly.com/picts_belose/projektbegleitung
3 Wir stylen unsere Rezepte,"In hochwertigen Medien werden Bilder und Texte gezielt ausgewählt, um das Zielpublikum optimal anzusprechen. Dabei gilt das Prinzip ""Inhalt vor Struktur vor Layout"", um zunächst die Informationsarchitektur zu klären, bevor das Design festgelegt wird. Im Unterricht lernen die Schülerinnen und Schüler Grundlagen wie HTML und CSS kennen und setzen sich mit rechtlichen Rahmenbedingungen wie dem Urheberrecht und dem Recht am eigenen Bild auseinander.",Connected 2,620620.02_L_01.png (https://v5.airtableusercontent.com/v3/u/48/48/1765202400000/X_FHikn3i-NiXh7FgyMD7w/neLNRD0cfoZStBZwxDm5-3ICJ6FihYNsqQ9zDC67UX06Kvzd-EsXYBZTjwx9br2c8lMemLSuuWe4Rq6Jd-mVWrUrUQkD2kwiKQhEDE07I3Ttw7N3ZfUsvnfwo1kNshghr105z1HWQJPDGD5XoOoldw/HKKxERtqVZwMT4v0_K7EByxLzw2AFXJ4bF2bJO7m_s4),8,"IB.1.2.e,IB.1.2.f,IB.1.3.c,IB.1.3.e,IB.1.3.f,IB.1.4.b,IB.2.1.e",https://002.lmvz.ch/connected-2-handbuch/3/uebersicht/,https://belosech.sharepoint.com/:b:/s/PICTS/ETnff9VTOmREgWBuXxNBVfEB7OxQ4T0J6nwQlqxfDNvPjg?e=prmQnZ,6. Klasse,,Weihnachtsferien-Winterferien,,,https://calendly.com/picts_belose/projektbegleitung
4 @ {¥▲➞/ ▪¿ – alles klar?,"Dieses Kapitel behandelt das Thema «Kommunikation» und die Vielzahl an Kommunikationskanälen, die das Internet geschaffen hat, von E-Mail bis zu sozialen Netzwerken. Um einem «communication overload» vorzubeugen, ist es wichtig, den passenden Kanal für die jeweilige Botschaft, Zielgruppe und Situation zu wählen. Neben den Grundlagen der Mensch-Mensch-Kommunikation werden auch digitale Kommunikationsformen und deren Regeln sowie Methoden zur Vermeidung von Missverständnissen thematisiert.",Connected 2,620620.02_L_01.png (https://v5.airtableusercontent.com/v3/u/48/48/1765202400000/X_FHikn3i-NiXh7FgyMD7w/neLNRD0cfoZStBZwxDm5-3ICJ6FihYNsqQ9zDC67UX06Kvzd-EsXYBZTjwx9br2c8lMemLSuuWe4Rq6Jd-mVWrUrUQkD2kwiKQhEDE07I3Ttw7N3ZfUsvnfwo1kNshghr105z1HWQJPDGD5XoOoldw/HKKxERtqVZwMT4v0_K7EByxLzw2AFXJ4bF2bJO7m_s4),5,"IB.1.1.c,IB.1.4.c,IB.2.1.g",https://002.lmvz.ch/connected-2-handbuch/4/uebersicht/,https://belosech.sharepoint.com/:b:/s/PICTS/ERdbDtMRrAFBh0f390fEmOUBZTAAtnqwpO6aKBhx8JgVXQ?e=2l8M2G,6. Klasse,,Winterferien-Frühlingsferien,,,https://calendly.com/picts_belose/projektbegleitung
5 2gether4ever – we’re connected,"Dieses Kapitel behandelt das Thema Kooperation und die Rolle des Internets bei der Zusammenarbeit. Kollaborative Plattformen erleichtern den Austausch und die Bearbeitung von Dokumenten und fördern transparente Arbeitsprozesse. In der Softwareentwicklung und im Unterricht ermöglichen Online-Werkzeuge effiziente Teamarbeit, setzen jedoch klare Regeln und Verantwortlichkeiten voraus.",Connected 2,620620.02_L_01.png (https://v5.airtableusercontent.com/v3/u/48/48/1765202400000/X_FHikn3i-NiXh7FgyMD7w/neLNRD0cfoZStBZwxDm5-3ICJ6FihYNsqQ9zDC67UX06Kvzd-EsXYBZTjwx9br2c8lMemLSuuWe4Rq6Jd-mVWrUrUQkD2kwiKQhEDE07I3Ttw7N3ZfUsvnfwo1kNshghr105z1HWQJPDGD5XoOoldw/HKKxERtqVZwMT4v0_K7EByxLzw2AFXJ4bF2bJO7m_s4),8,"IB.1.4.b,IB.2.2.f,IB.2.3.g,IB.2.3.h,IB.2.3.j",https://002.lmvz.ch/connected-2-handbuch/5/uebersicht/,https://belosech.sharepoint.com/:b:/s/PICTS/EY3lne1c3yBLhGXfaryL4JcBegYkpUa40qyMMXIVeNOn-w?e=HZ9O3h,6. Klasse,,Frühlingsferien-Sommerferien,,,https://calendly.com/picts_belose/projektbegleitung
Medientagebuch,Die Schülerinnen und Schüler führen ein Medientagebuch und werten die Ergebnisse aus.,inform@21,620520.04_L_01.png (https://v5.airtableusercontent.com/v3/u/48/48/1765202400000/z2Kru4WwEIeEm4kGHZKf-g/XX6uHnmlMLI7IKzZzh8gAon4TN4xlsqv_ylbCTLJtrwC32yQSRcZsJXcWfEsQ_NEXmoJL20EOVfNTtXvsUJRczVl-LVslxiywRd89BvdeX3qA653F44vOCQkbOTpaiyK4dBWTK2khULyXo_ACezfSg/mY16B0WGmsFuJ8u4MggLyoEEoIxmkd9Nn0sgBaAlo6g),3,"IB.1.1.a,IB.1.1.b,IB.3.3.c",https://belosech.sharepoint.com/:b:/s/PICTS/EaHVEz0L_UhLkLsa32gEs9EBZqHT8EoTE-4WN6583Mxi0w?e=cAhDTH,https://inform21.ch/k4/leben-mit-medien/,4. Klasse,,Weihnachtsferien-Winterferien,,,https://calendly.com/picts_belose/projektbegleitung
Das kenne ich doch,"Die Kinder setzen sich mit verschiedenen Medien 
auseinander und können Medienerfahrungen zuordnen. ",inform@21,620520.04_L_01.png (https://v5.airtableusercontent.com/v3/u/48/48/1765202400000/z2Kru4WwEIeEm4kGHZKf-g/XX6uHnmlMLI7IKzZzh8gAon4TN4xlsqv_ylbCTLJtrwC32yQSRcZsJXcWfEsQ_NEXmoJL20EOVfNTtXvsUJRczVl-LVslxiywRd89BvdeX3qA653F44vOCQkbOTpaiyK4dBWTK2khULyXo_ACezfSg/mY16B0WGmsFuJ8u4MggLyoEEoIxmkd9Nn0sgBaAlo6g),1,IB.1.1.a,https://belosech.sharepoint.com/:b:/s/PICTS/EbcBue8wyLtDtweGSkEkEgEBzzRPQLC7rmzem84Yoj97kw?e=w2sdg3,https://inform21.ch/k4/leben-mit-medien/,KiGa,,Sommerferien-Herbstferien,,,https://calendly.com/picts_belose/projektbegleitung
Wir erfinden eine Geschichte,Gemeinsam wird eine Fortsetzungsgeschichte mit verschiedenen Medien entwickelt.,inform@21,620520.04_L_01.png (https://v5.airtableusercontent.com/v3/u/48/48/1765202400000/z2Kru4WwEIeEm4kGHZKf-g/XX6uHnmlMLI7IKzZzh8gAon4TN4xlsqv_ylbCTLJtrwC32yQSRcZsJXcWfEsQ_NEXmoJL20EOVfNTtXvsUJRczVl-LVslxiywRd89BvdeX3qA653F44vOCQkbOTpaiyK4dBWTK2khULyXo_ACezfSg/mY16B0WGmsFuJ8u4MggLyoEEoIxmkd9Nn0sgBaAlo6g),5,"IB.1.1.b,IB.1.2.a,IB.1.2.b,IB.3.3.a",https://belosech.sharepoint.com/:b:/s/PICTS/EZKAAanbiDpIngfonjOANjMBktjW7P0NTQqQfcmdy9jzLA?e=YBVewa,https://inform21.ch/k4/leben-mit-medien/,KiGa,,Sommerferien-Herbstferien,,,https://calendly.com/picts_belose/projektbegleitung
Woher kommt diese Nachricht?,Verschiedene Medien und deren Benennung stehen im Zentrum es wird zudem darüber gesprochen welche Medien sich für welche Inhalte eignen,inform@21,620520.04_L_01.png (https://v5.airtableusercontent.com/v3/u/48/48/1765202400000/z2Kru4WwEIeEm4kGHZKf-g/XX6uHnmlMLI7IKzZzh8gAon4TN4xlsqv_ylbCTLJtrwC32yQSRcZsJXcWfEsQ_NEXmoJL20EOVfNTtXvsUJRczVl-LVslxiywRd89BvdeX3qA653F44vOCQkbOTpaiyK4dBWTK2khULyXo_ACezfSg/mY16B0WGmsFuJ8u4MggLyoEEoIxmkd9Nn0sgBaAlo6g),4,"IB.1.1.a,IB.1.2.a,IB.1.1.b",https://belosech.sharepoint.com/:b:/s/PICTS/Eev4vRdykBpNjtGuj6Md-3MBBr4E-ODUePPeXsxG_inqAg?e=UjibFH,https://inform21.ch/k4/leben-mit-medien/,1. Klasse,,Sommerferien-Herbstferien,,,https://calendly.com/picts_belose/projektbegleitung
Gewürfelte Erzählungen,"Die Kinder entwickeln mithilfe von Würfeln eine
Erzählung.",inform@21,620520.04_L_01.png (https://v5.airtableusercontent.com/v3/u/48/48/1765202400000/z2Kru4WwEIeEm4kGHZKf-g/XX6uHnmlMLI7IKzZzh8gAon4TN4xlsqv_ylbCTLJtrwC32yQSRcZsJXcWfEsQ_NEXmoJL20EOVfNTtXvsUJRczVl-LVslxiywRd89BvdeX3qA653F44vOCQkbOTpaiyK4dBWTK2khULyXo_ACezfSg/mY16B0WGmsFuJ8u4MggLyoEEoIxmkd9Nn0sgBaAlo6g),1,"IB.1.1.a,IB.1.3.b,IB.3.3.a",https://belosech.sharepoint.com/:b:/s/PICTS/EVwhyP6EC7tOhgesWhrPRWwBJnOOX2plv045MIdWrZsZEw?e=JVDwXU,https://inform21.ch/k4/leben-mit-medien/,1. Klasse,,Herbstferien-Weihnachtsferien,,,https://calendly.com/picts_belose/projektbegleitung
Welchen Weg gehst du?,In diesem Spiel geht es um Fragen und Entscheidungen. Dabei stehen persönliche Medienerfahrungen im Zentrum.,inform@21,620520.04_L_01.png (https://v5.airtableusercontent.com/v3/u/48/48/1765202400000/z2Kru4WwEIeEm4kGHZKf-g/XX6uHnmlMLI7IKzZzh8gAon4TN4xlsqv_ylbCTLJtrwC32yQSRcZsJXcWfEsQ_NEXmoJL20EOVfNTtXvsUJRczVl-LVslxiywRd89BvdeX3qA653F44vOCQkbOTpaiyK4dBWTK2khULyXo_ACezfSg/mY16B0WGmsFuJ8u4MggLyoEEoIxmkd9Nn0sgBaAlo6g),1,"IB.1.1.a,IB.1.1.b,IB.1.1.c",https://belosech.sharepoint.com/:b:/s/PICTS/EUK7Typj4GlKlIswpFYRa8oBqmj6sl6arOsIm2I7ux3Q2A?e=UfBEqh,https://inform21.ch/k4/leben-mit-medien/,3. Klasse,,Winterferien-Frühlingsferien,,,https://calendly.com/picts_belose/projektbegleitung
Mein Lieblingsort im Kindergarten,"Ein Lieblingsort im Kindergarten wird fotografiert, die Kinder zeichnen sich selber und fügen beides zu einer Collage zusammen. ",inform@21,620520.04_L_01.png (https://v5.airtableusercontent.com/v3/u/48/48/1765202400000/z2Kru4WwEIeEm4kGHZKf-g/XX6uHnmlMLI7IKzZzh8gAon4TN4xlsqv_ylbCTLJtrwC32yQSRcZsJXcWfEsQ_NEXmoJL20EOVfNTtXvsUJRczVl-LVslxiywRd89BvdeX3qA653F44vOCQkbOTpaiyK4dBWTK2khULyXo_ACezfSg/mY16B0WGmsFuJ8u4MggLyoEEoIxmkd9Nn0sgBaAlo6g),3,"IB.1.3.a,IB.1.3.b,IB.3.1.a,IB.3.3.a",https://belosech.sharepoint.com/:b:/s/PICTS/EeC11jXHU79Oq2qKgWa4uwIBOoQ9Ww28NqfLEMdsx4POhg?e=YEs8RY,,KiGa,,Herbstferien-Weihnachtsferien,,,https://calendly.com/picts_belose/projektbegleitung
"Ich sehe, was ich höre","Bilder von Alltagsgegenständen werden gezeichnet oder aus Prospekten ausgeschnitten, Geräusche werden aufgenommen und zugeordnet.",inform@21,620520.04_L_01.png (https://v5.airtableusercontent.com/v3/u/48/48/1765202400000/z2Kru4WwEIeEm4kGHZKf-g/XX6uHnmlMLI7IKzZzh8gAon4TN4xlsqv_ylbCTLJtrwC32yQSRcZsJXcWfEsQ_NEXmoJL20EOVfNTtXvsUJRczVl-LVslxiywRd89BvdeX3qA653F44vOCQkbOTpaiyK4dBWTK2khULyXo_ACezfSg/mY16B0WGmsFuJ8u4MggLyoEEoIxmkd9Nn0sgBaAlo6g),2,"IB.1.3.a,IB.1.3.b,IB.3.1.a,IB.3.3.a",https://belosech.sharepoint.com/:b:/s/PICTS/EYdz89DkQF1CoOiE5ihxwxsBSNWH3-4qauEynrK80X6nWA?e=WDSWvR,,KiGa,,Herbstferien-Weihnachtsferien,,,https://calendly.com/picts_belose/projektbegleitung
A-B-C-Buch,Buchstabencollagen mit passenden Audioaufnahmen werden erstellt. Daraus entsteht ein ABC-Buch mit Bildern und Audioaufnahmen.,inform@21,620520.04_L_01.png (https://v5.airtableusercontent.com/v3/u/48/48/1765202400000/z2Kru4WwEIeEm4kGHZKf-g/XX6uHnmlMLI7IKzZzh8gAon4TN4xlsqv_ylbCTLJtrwC32yQSRcZsJXcWfEsQ_NEXmoJL20EOVfNTtXvsUJRczVl-LVslxiywRd89BvdeX3qA653F44vOCQkbOTpaiyK4dBWTK2khULyXo_ACezfSg/mY16B0WGmsFuJ8u4MggLyoEEoIxmkd9Nn0sgBaAlo6g),2,"IB.1.3.a,IB.1.3.b,IB.3.1.a,IB.3.3.a",https://belosech.sharepoint.com/:b:/s/PICTS/ESrLS5Swfu9LodGhmNcWnF0BXiR_Fi4oeZ-FOFpuac3R_g?e=5Snr0T,https://inform21.ch/k4/experimentieren/,1. Klasse,,Weihnachtsferien-Winterferien,,,https://calendly.com/picts_belose/projektbegleitung
Geräusche raten,Geräusche werden selber aufgenommen und mit einem passenden Satz ergänzt daraus entsteht ein Geräusche Rätsel,inform@21,620520.04_L_01.png (https://v5.airtableusercontent.com/v3/u/48/48/1765202400000/z2Kru4WwEIeEm4kGHZKf-g/XX6uHnmlMLI7IKzZzh8gAon4TN4xlsqv_ylbCTLJtrwC32yQSRcZsJXcWfEsQ_NEXmoJL20EOVfNTtXvsUJRczVl-LVslxiywRd89BvdeX3qA653F44vOCQkbOTpaiyK4dBWTK2khULyXo_ACezfSg/mY16B0WGmsFuJ8u4MggLyoEEoIxmkd9Nn0sgBaAlo6g),3,"IB.1.3.a,IB.1.3.b,IB.3.1.a,IB.3.3.a",https://belosech.sharepoint.com/:b:/s/PICTS/EfX0kBTWeKlAkXb1jG6It3oBJjv2oCkG9XA4GPixkh8upQ?e=BjpptD,https://inform21.ch/k4/experimentieren/,1. Klasse,,Winterferien-Frühlingsferien,,,https://calendly.com/picts_belose/projektbegleitung
"Punkt, Punkt, Komma, Strich",Aus einem fotografierten Zeichnungsvers und einer Audioaufnahme entsteht ein animierter Zeichnungsvers.,inform@21,620520.04_L_01.png (https://v5.airtableusercontent.com/v3/u/48/48/1765202400000/z2Kru4WwEIeEm4kGHZKf-g/XX6uHnmlMLI7IKzZzh8gAon4TN4xlsqv_ylbCTLJtrwC32yQSRcZsJXcWfEsQ_NEXmoJL20EOVfNTtXvsUJRczVl-LVslxiywRd89BvdeX3qA653F44vOCQkbOTpaiyK4dBWTK2khULyXo_ACezfSg/mY16B0WGmsFuJ8u4MggLyoEEoIxmkd9Nn0sgBaAlo6g),2,"IB.1.2.c,IB.1.3.b,IB.3.1.a,IB.3.1.b,IB.3.3.a",https://belosech.sharepoint.com/:b:/s/PICTS/ERRfZ5hyDEBLjRRhlZHWLuYBzbonggRb8llmKZw0dVd_1w?e=zpqxpf,https://inform21.ch/k4/experimentieren/,4. Klasse,,Herbstferien-Weihnachtsferien,,,https://calendly.com/picts_belose/projektbegleitung
Hokuspokus aus dem Hut,Gegenstände verschwinden wie von Zauberhand. Es entsteht ein Zauberfilm.,inform@21,620520.04_L_01.png (https://v5.airtableusercontent.com/v3/u/48/48/1765202400000/z2Kru4WwEIeEm4kGHZKf-g/XX6uHnmlMLI7IKzZzh8gAon4TN4xlsqv_ylbCTLJtrwC32yQSRcZsJXcWfEsQ_NEXmoJL20EOVfNTtXvsUJRczVl-LVslxiywRd89BvdeX3qA653F44vOCQkbOTpaiyK4dBWTK2khULyXo_ACezfSg/mY16B0WGmsFuJ8u4MggLyoEEoIxmkd9Nn0sgBaAlo6g),2,"IB.1.3.a,IB.1.3.b,IB.1.2.b,IB.3.1.a,IB.3.3.a",https://belosech.sharepoint.com/:b:/s/PICTS/EUw6enqMM1lMpnZ4WcgFV5gBiLgsb3RKFMYcrYZClj8GtA?e=mFK4b9,https://inform21.ch/k4/experimentieren/,4. Klasse,,Winterferien-Frühlingsferien,,"16,21,22,23,24",https://calendly.com/picts_belose/projektbegleitung
Heute wird geordnet und aufgeräumt!,Gegenstände aus dem Kindergartenalltag werden um einen Reifen herum platziert und nach Kriterien geordnet und aufgeräumt.,inform@21,620520.04_L_01.png (https://v5.airtableusercontent.com/v3/u/48/48/1765202400000/z2Kru4WwEIeEm4kGHZKf-g/XX6uHnmlMLI7IKzZzh8gAon4TN4xlsqv_ylbCTLJtrwC32yQSRcZsJXcWfEsQ_NEXmoJL20EOVfNTtXvsUJRczVl-LVslxiywRd89BvdeX3qA653F44vOCQkbOTpaiyK4dBWTK2khULyXo_ACezfSg/mY16B0WGmsFuJ8u4MggLyoEEoIxmkd9Nn0sgBaAlo6g),2,IB.2.1.a,https://belosech.sharepoint.com/:b:/s/PICTS/ESqBx_uFuFdHihRwzUgRDqABHml9FcwfxVDdT3za4FAzMg?e=M6wZUV,,KiGa,,Weihnachtsferien-Winterferien,,,https://calendly.com/picts_belose/projektbegleitung
Sortieren im Kindergarten,"Die Kinder müssen herausfinden, nach welchen Kriterien die Kindergruppen oder Gegenstände sortiert wurden.",inform@21,620520.04_L_01.png (https://v5.airtableusercontent.com/v3/u/48/48/1765202400000/z2Kru4WwEIeEm4kGHZKf-g/XX6uHnmlMLI7IKzZzh8gAon4TN4xlsqv_ylbCTLJtrwC32yQSRcZsJXcWfEsQ_NEXmoJL20EOVfNTtXvsUJRczVl-LVslxiywRd89BvdeX3qA653F44vOCQkbOTpaiyK4dBWTK2khULyXo_ACezfSg/mY16B0WGmsFuJ8u4MggLyoEEoIxmkd9Nn0sgBaAlo6g),2,IB.2.1.a,https://belosech.sharepoint.com/:b:/s/PICTS/EdTR07ADpHxBp6nRMcy9VBEBZM0a-dXuywEup6vews9-2g?e=a2EeEy,,KiGa,,Weihnachtsferien-Winterferien,,,https://calendly.com/picts_belose/projektbegleitung
Bühne frei für die Zahlenkinder,Zahlen nach Kriterien ordnen.,inform@21,620520.04_L_01.png (https://v5.airtableusercontent.com/v3/u/48/48/1765202400000/z2Kru4WwEIeEm4kGHZKf-g/XX6uHnmlMLI7IKzZzh8gAon4TN4xlsqv_ylbCTLJtrwC32yQSRcZsJXcWfEsQ_NEXmoJL20EOVfNTtXvsUJRczVl-LVslxiywRd89BvdeX3qA653F44vOCQkbOTpaiyK4dBWTK2khULyXo_ACezfSg/mY16B0WGmsFuJ8u4MggLyoEEoIxmkd9Nn0sgBaAlo6g),2,"IB.2.1.a,IB.3.3.a",https://belosech.sharepoint.com/:b:/s/PICTS/EccauFxwDWJHkK-pavcZf0wBwaI7-ZFDHM6csofsKfdIug?e=QpcwTl,https://inform21.ch/k4/ordnen/,1. Klasse,,Frühlingsferien-Sommerferien,,,https://calendly.com/picts_belose/projektbegleitung
Malen nach Zahlen,"Bilder werden nach Zahlen gemalt und eigene Bilder werden entwickelt. Dabei entstehen Ornamente und Farbtabellen, die ausgetauscht werden können.",inform@21,620520.04_L_01.png (https://v5.airtableusercontent.com/v3/u/48/48/1765202400000/z2Kru4WwEIeEm4kGHZKf-g/XX6uHnmlMLI7IKzZzh8gAon4TN4xlsqv_ylbCTLJtrwC32yQSRcZsJXcWfEsQ_NEXmoJL20EOVfNTtXvsUJRczVl-LVslxiywRd89BvdeX3qA653F44vOCQkbOTpaiyK4dBWTK2khULyXo_ACezfSg/mY16B0WGmsFuJ8u4MggLyoEEoIxmkd9Nn0sgBaAlo6g),2,"IB.2.1.a,IB.2.1.b,IB.2.1.c",https://belosech.sharepoint.com/:b:/s/PICTS/EXRrcgZI4fVNl0P2uGCPZYUBwYbk9XVd7Bgmcs9ysd7L4g?e=xVqZTE,https://inform21.ch/k4/ordnen/,1. Klasse,,Frühlingsferien-Sommerferien,,,https://calendly.com/picts_belose/projektbegleitung
Gut sortiert ist halb gewonnen,Ausgehend vom Begriff „sortieren“ werden kleinere und größere Sortiernetzwerke erprobt.,inform@21,620520.04_L_01.png (https://v5.airtableusercontent.com/v3/u/48/48/1765202400000/z2Kru4WwEIeEm4kGHZKf-g/XX6uHnmlMLI7IKzZzh8gAon4TN4xlsqv_ylbCTLJtrwC32yQSRcZsJXcWfEsQ_NEXmoJL20EOVfNTtXvsUJRczVl-LVslxiywRd89BvdeX3qA653F44vOCQkbOTpaiyK4dBWTK2khULyXo_ACezfSg/mY16B0WGmsFuJ8u4MggLyoEEoIxmkd9Nn0sgBaAlo6g),2,IB.2.1.a,https://belosech.sharepoint.com/:b:/s/PICTS/Ef8ay5kpRXFLn-TCwClDmQ0B8LvGVa66YOVGEa_I2dwJkA?e=gFGGBf,https://inform21.ch/k4/ordnen/,3. Klasse,,Frühlingsferien-Sommerferien,,,https://calendly.com/picts_belose/projektbegleitung
Ohne Worte - alles klar?,Bildsammlung mit Symbolen/ Codes aus der Umwelt der Schülerinnen und Schüler,inform@21,620520.04_L_01.png (https://v5.airtableusercontent.com/v3/u/48/48/1765202400000/z2Kru4WwEIeEm4kGHZKf-g/XX6uHnmlMLI7IKzZzh8gAon4TN4xlsqv_ylbCTLJtrwC32yQSRcZsJXcWfEsQ_NEXmoJL20EOVfNTtXvsUJRczVl-LVslxiywRd89BvdeX3qA653F44vOCQkbOTpaiyK4dBWTK2khULyXo_ACezfSg/mY16B0WGmsFuJ8u4MggLyoEEoIxmkd9Nn0sgBaAlo6g),1,"IB.2.1.b,IB.2.1.d",https://belosech.sharepoint.com/:b:/s/PICTS/ETMoXWzHUN9CvlYzLru8JsEBUC2Fm7ARGI0fiduHRjE1NA?e=rixbWC,https://inform21.ch/k4/ordnen/,4. Klasse,,Weihnachtsferien-Winterferien,,,https://calendly.com/picts_belose/projektbegleitung
Mein Lieblingstier,Mit Hilfe einer Kindersuchmaschine werden passende Bilder gesucht und einfache Sätze dazu geschrieben,inform@21,620521.04_L_01.png (https://v5.airtableusercontent.com/v3/u/48/48/1765202400000/ymOcrdG1yFJMy1ofc2QXKQ/sLD0Cd6Pw3jEtAwVhBBfWGNd9o7wg6lD0qd8nS0vY4yz1afOoZwn-VqvacT3uczqtLdDv_Y4q2HEcZTHLiqOy8ShmRORU64_7puuN_Xv8CGLcWBTl8vqQCPYFEthXZFqvzLrnL7dgP1ez7hC6fUXdA/0hR2IXMhjBfgGo_h4h9TkzPRhT5upqfyEZA6K5sDqDg),3,"IB.1.2.c,IB.1.3.b,IB.3.3.a",https://belosech.sharepoint.com/:b:/s/PICTS/EU8a6F_MhatAhWhbPRw7l4IBWh3O4Skuy706LMHCStzDcA?e=U3PUlT,https://inform21.ch/k4/reise/,2. Klasse,,Sommerferien-Herbstferien,,,https://calendly.com/picts_belose/projektbegleitung
Unser Themennetz,Wir sammeln Begriffe zu einem Thema visualisieren ein Wissensnetz und bilden die Analogie zum Internet,inform@21,620521.04_L_01.png (https://v5.airtableusercontent.com/v3/u/48/48/1765202400000/ymOcrdG1yFJMy1ofc2QXKQ/sLD0Cd6Pw3jEtAwVhBBfWGNd9o7wg6lD0qd8nS0vY4yz1afOoZwn-VqvacT3uczqtLdDv_Y4q2HEcZTHLiqOy8ShmRORU64_7puuN_Xv8CGLcWBTl8vqQCPYFEthXZFqvzLrnL7dgP1ez7hC6fUXdA/0hR2IXMhjBfgGo_h4h9TkzPRhT5upqfyEZA6K5sDqDg),1,IB.1.1.a,https://belosech.sharepoint.com/:b:/s/PICTS/EajTQ5hPh1hBgc5Xv-2BEHABu8z4d97ixtGMUjxvmS7Law?e=HnuLZW,https://inform21.ch/k4/reise/,2. Klasse,,Herbstferien-Weihnachtsferien,,,https://calendly.com/picts_belose/projektbegleitung
Wetterbericht,Der Wetterbericht wird über verschiedene Medien erfahren. Zudem werden Informationen zum Wetter selbstständig beschafft und präsentiert.,inform@21,620521.04_L_01.png (https://v5.airtableusercontent.com/v3/u/48/48/1765202400000/ymOcrdG1yFJMy1ofc2QXKQ/sLD0Cd6Pw3jEtAwVhBBfWGNd9o7wg6lD0qd8nS0vY4yz1afOoZwn-VqvacT3uczqtLdDv_Y4q2HEcZTHLiqOy8ShmRORU64_7puuN_Xv8CGLcWBTl8vqQCPYFEthXZFqvzLrnL7dgP1ez7hC6fUXdA/0hR2IXMhjBfgGo_h4h9TkzPRhT5upqfyEZA6K5sDqDg),3,"IB.1.2.a,IB.1.3.b,IB.3.1.c,IB.3.3.a",https://belosech.sharepoint.com/:b:/s/PICTS/ESPPsGLKjqdNpgtKgUjxoP8BlwcsVATQ6KZ3JPJGLg3Pxw?e=5Z7dN8,https://inform21.ch/k4/reise/,3. Klasse,,Frühlingsferien-Sommerferien,,,https://calendly.com/picts_belose/projektbegleitung
Die Medienspirale,Es wird ein Würfelspiel zu entscheidenden Fragen rund um die Welt der Medien gespielt.,inform@21,620521.04_L_01.png (https://v5.airtableusercontent.com/v3/u/48/48/1765202400000/ymOcrdG1yFJMy1ofc2QXKQ/sLD0Cd6Pw3jEtAwVhBBfWGNd9o7wg6lD0qd8nS0vY4yz1afOoZwn-VqvacT3uczqtLdDv_Y4q2HEcZTHLiqOy8ShmRORU64_7puuN_Xv8CGLcWBTl8vqQCPYFEthXZFqvzLrnL7dgP1ez7hC6fUXdA/0hR2IXMhjBfgGo_h4h9TkzPRhT5upqfyEZA6K5sDqDg),1,"IB.1.1.b,IB.1.4.b",https://belosech.sharepoint.com/:b:/s/PICTS/Ebpp0S5fYQpHlo8zbtiB1oUBkE_meBxWHb9JBN87-gc4AA?e=YJkJWT,https://inform21.ch/k4/reise/,3. Klasse,,Herbstferien-Weihnachtsferien,,,https://calendly.com/picts_belose/projektbegleitung
Schnitzeljagd im Kinderlexikon,"Die Kinder lösen ein Kreuzworträtsel und suchen dazu im Kinderlexikon Informationen. Sie benutzen dabei Links, um schneller weiterzukommen.",inform@21,620521.04_L_01.png (https://v5.airtableusercontent.com/v3/u/48/48/1765202400000/ymOcrdG1yFJMy1ofc2QXKQ/sLD0Cd6Pw3jEtAwVhBBfWGNd9o7wg6lD0qd8nS0vY4yz1afOoZwn-VqvacT3uczqtLdDv_Y4q2HEcZTHLiqOy8ShmRORU64_7puuN_Xv8CGLcWBTl8vqQCPYFEthXZFqvzLrnL7dgP1ez7hC6fUXdA/0hR2IXMhjBfgGo_h4h9TkzPRhT5upqfyEZA6K5sDqDg),1,"IB.1.2.c,IB.3.2.a",https://belosech.sharepoint.com/:b:/s/PICTS/ESyDCUH668tPqk-3DVw8aTcBOZSWpheIRgbNtCUy-5Z4Ww?e=4BU2Iv,https://inform21.ch/k4/reise/,3. Klasse,,Weihnachtsferien-Winterferien,,,https://calendly.com/picts_belose/projektbegleitung
Sicher durchs Netz,Es werden Symbolbilder mit Sicherheitsregeln im Umgang mit dem Internet in Verbindung gebracht. Punkt. Dazu wird der Memory gespielt.,inform@21,620521.04_L_01.png (https://v5.airtableusercontent.com/v3/u/48/48/1765202400000/ymOcrdG1yFJMy1ofc2QXKQ/sLD0Cd6Pw3jEtAwVhBBfWGNd9o7wg6lD0qd8nS0vY4yz1afOoZwn-VqvacT3uczqtLdDv_Y4q2HEcZTHLiqOy8ShmRORU64_7puuN_Xv8CGLcWBTl8vqQCPYFEthXZFqvzLrnL7dgP1ez7hC6fUXdA/0hR2IXMhjBfgGo_h4h9TkzPRhT5upqfyEZA6K5sDqDg),1,"IB.1.1.c,IB.1.4.b,IB.1.4.c",https://belosech.sharepoint.com/:b:/s/PICTS/EZS2-ltytOlJjBCiQhmv-_gBo6tbK9SubxO_Pz6RKrM10Q?e=zl1SDw,https://inform21.ch/k4/reise/,3. Klasse,,Sommerferien-Herbstferien,,,https://calendly.com/picts_belose/projektbegleitung
Roboterschatzsuche,Heute verwandeln sich die Kinder in Roboter die Roboter mögen alles was glänzt und glitzert und versuchen zu einem Schatz zu gelangen,inform@21,620521.04_L_01.png (https://v5.airtableusercontent.com/v3/u/48/48/1765202400000/ymOcrdG1yFJMy1ofc2QXKQ/sLD0Cd6Pw3jEtAwVhBBfWGNd9o7wg6lD0qd8nS0vY4yz1afOoZwn-VqvacT3uczqtLdDv_Y4q2HEcZTHLiqOy8ShmRORU64_7puuN_Xv8CGLcWBTl8vqQCPYFEthXZFqvzLrnL7dgP1ez7hC6fUXdA/0hR2IXMhjBfgGo_h4h9TkzPRhT5upqfyEZA6K5sDqDg),1,"IB.2.2.a,IB.3.3.a",https://belosech.sharepoint.com/:b:/s/PICTS/ERVp_saTP7lGq-WJWiliGwgBjgRVSoY8xS5k3gzl2i3qWg?e=EFymIn,https://inform21.ch/k4/roboter/,KiGa,,Winterferien-Frühlingsferien,,,https://calendly.com/picts_belose/projektbegleitung
Mein Wunschroboter,Geleitet durch konkrete Fragen bauen die Kinder einen Wunsch Roboter und erklären dessen Funktionen,inform@21,620521.04_L_01.png (https://v5.airtableusercontent.com/v3/u/48/48/1765202400000/ymOcrdG1yFJMy1ofc2QXKQ/sLD0Cd6Pw3jEtAwVhBBfWGNd9o7wg6lD0qd8nS0vY4yz1afOoZwn-VqvacT3uczqtLdDv_Y4q2HEcZTHLiqOy8ShmRORU64_7puuN_Xv8CGLcWBTl8vqQCPYFEthXZFqvzLrnL7dgP1ez7hC6fUXdA/0hR2IXMhjBfgGo_h4h9TkzPRhT5upqfyEZA6K5sDqDg),2,"IB.2.2.a,IB.3.3.a",https://belosech.sharepoint.com/:b:/s/PICTS/EX_wa-8yxh1IpXJfkcMyj14B76lTpw_s8kSSItXIVsJlOw?e=QYgowm,https://inform21.ch/k4/roboter/,KiGa,,Winterferien-Frühlingsferien,,,https://calendly.com/picts_belose/projektbegleitung
Farben tanzen lassen,Zu jeder Farbe gehört deine Bewegung das ergibt Farbcodes die Schülerinnen und Schüler erstellen und entschlüsseln damit Bewegungsabläufe,inform@21,620521.04_L_01.png (https://v5.airtableusercontent.com/v3/u/48/48/1765202400000/ymOcrdG1yFJMy1ofc2QXKQ/sLD0Cd6Pw3jEtAwVhBBfWGNd9o7wg6lD0qd8nS0vY4yz1afOoZwn-VqvacT3uczqtLdDv_Y4q2HEcZTHLiqOy8ShmRORU64_7puuN_Xv8CGLcWBTl8vqQCPYFEthXZFqvzLrnL7dgP1ez7hC6fUXdA/0hR2IXMhjBfgGo_h4h9TkzPRhT5upqfyEZA6K5sDqDg),3,IB.2.2.a,https://belosech.sharepoint.com/:b:/s/PICTS/EdYicByjcCBLpLNt6E6kEUMBhuBoCVrMPtmT4XykAdYkDA?e=SZAktR,https://inform21.ch/k4/roboter/,2. Klasse,,Weihnachtsferien-Winterferien,,,https://calendly.com/picts_belose/projektbegleitung
Jagd auf den Piratenschatz,In einer Adaption des bekannten Spieles Schiffe versenken versuchen die Schülerinnen und Schüler mit möglichst wenigen programmschritten einen Piratenschatz zu erreichen,inform@21,620521.04_L_01.png (https://v5.airtableusercontent.com/v3/u/48/48/1765202400000/ymOcrdG1yFJMy1ofc2QXKQ/sLD0Cd6Pw3jEtAwVhBBfWGNd9o7wg6lD0qd8nS0vY4yz1afOoZwn-VqvacT3uczqtLdDv_Y4q2HEcZTHLiqOy8ShmRORU64_7puuN_Xv8CGLcWBTl8vqQCPYFEthXZFqvzLrnL7dgP1ez7hC6fUXdA/0hR2IXMhjBfgGo_h4h9TkzPRhT5upqfyEZA6K5sDqDg),1,IB.2.2.a,https://belosech.sharepoint.com/:b:/s/PICTS/EepargDFT-NMj29b6Y7vFwkBeIk5REQePXYA6etRGIwB_w?e=h2CNDD,https://inform21.ch/k4/roboter/,2. Klasse,,Winterferien-Frühlingsferien,,,https://calendly.com/picts_belose/projektbegleitung
Schau genau - erklärs genau!,Das kleine ausserirdische Wesen „M!m0L“ (sprich: Mimol) besucht die Erde und möchte möglichst viel über unseren Alltag lernen.,inform@21,620521.04_L_01.png (https://v5.airtableusercontent.com/v3/u/48/48/1765202400000/ymOcrdG1yFJMy1ofc2QXKQ/sLD0Cd6Pw3jEtAwVhBBfWGNd9o7wg6lD0qd8nS0vY4yz1afOoZwn-VqvacT3uczqtLdDv_Y4q2HEcZTHLiqOy8ShmRORU64_7puuN_Xv8CGLcWBTl8vqQCPYFEthXZFqvzLrnL7dgP1ez7hC6fUXdA/0hR2IXMhjBfgGo_h4h9TkzPRhT5upqfyEZA6K5sDqDg),3,"IB.2.2.a,IB.3.3.a",https://belosech.sharepoint.com/:b:/s/PICTS/EaJiBYeO0jtLqGqeZ_wMY18BAZoCILj2nW3rxQ1SrLRfPQ?e=KYoJ5c,https://inform21.ch/k4/roboter/,3. Klasse,,Herbstferien-Weihnachtsferien,,,https://calendly.com/picts_belose/projektbegleitung
"Wenn, dann, sonst!",Die Schülerinnen und Schüler entwickeln mit bedingten Anweisungen das Regelwerk für ihr eigenes Würfelspiel,inform@21,620521.04_L_01.png (https://v5.airtableusercontent.com/v3/u/48/48/1765202400000/ymOcrdG1yFJMy1ofc2QXKQ/sLD0Cd6Pw3jEtAwVhBBfWGNd9o7wg6lD0qd8nS0vY4yz1afOoZwn-VqvacT3uczqtLdDv_Y4q2HEcZTHLiqOy8ShmRORU64_7puuN_Xv8CGLcWBTl8vqQCPYFEthXZFqvzLrnL7dgP1ez7hC6fUXdA/0hR2IXMhjBfgGo_h4h9TkzPRhT5upqfyEZA6K5sDqDg),1,IB.2.2.a,https://belosech.sharepoint.com/:b:/s/PICTS/EXEVSH0HkN1JkWHeJUECEy4BllhOA6uThfj5Q-31B-LSkw?e=Xp6qmD,https://inform21.ch/k4/roboter/,4. Klasse,,Winterferien-Frühlingsferien,,,https://calendly.com/picts_belose/projektbegleitung
Was leuchtet denn da?,Gemeinsam bringen die Kinder den Stern Elektra zum Leuchten,inform@21,620521.04_L_01.png (https://v5.airtableusercontent.com/v3/u/48/48/1765202400000/ymOcrdG1yFJMy1ofc2QXKQ/sLD0Cd6Pw3jEtAwVhBBfWGNd9o7wg6lD0qd8nS0vY4yz1afOoZwn-VqvacT3uczqtLdDv_Y4q2HEcZTHLiqOy8ShmRORU64_7puuN_Xv8CGLcWBTl8vqQCPYFEthXZFqvzLrnL7dgP1ez7hC6fUXdA/0hR2IXMhjBfgGo_h4h9TkzPRhT5upqfyEZA6K5sDqDg),2,IB.1.3.a,https://belosech.sharepoint.com/:b:/s/PICTS/ERBiSSNq6R1Lq5uvmiWvbqsB4yJIxpe9yAOjvUgHqe6ytQ?e=VdZWYg,https://inform21.ch/k4/mini/,KiGa,,Frühlingsferien-Sommerferien,,,https://calendly.com/picts_belose/projektbegleitung
"10, 9, 8... Go!",Die Kinder bauen eine Rakete mit Trinkhalm und Ballon,inform@21,620521.04_L_01.png (https://v5.airtableusercontent.com/v3/u/48/48/1765202400000/ymOcrdG1yFJMy1ofc2QXKQ/sLD0Cd6Pw3jEtAwVhBBfWGNd9o7wg6lD0qd8nS0vY4yz1afOoZwn-VqvacT3uczqtLdDv_Y4q2HEcZTHLiqOy8ShmRORU64_7puuN_Xv8CGLcWBTl8vqQCPYFEthXZFqvzLrnL7dgP1ez7hC6fUXdA/0hR2IXMhjBfgGo_h4h9TkzPRhT5upqfyEZA6K5sDqDg),3,IB.1.3.a,https://belosech.sharepoint.com/:b:/s/PICTS/EWlAR-WOPh9Al_uP5tONaX0B8-O2-CIUSjLxRl_E0v15gg?e=X5QjrS,https://inform21.ch/k4/mini/,KiGa,,Frühlingsferien-Sommerferien,,,https://calendly.com/picts_belose/projektbegleitung
"Was leitet, was nicht?",Die Schülerinnen und Schüler probieren die Leitfähigkeit von Materialien aus und lernen den Aufbau eines Stromkreises kennen,inform@21,620521.04_L_01.png (https://v5.airtableusercontent.com/v3/u/48/48/1765202400000/ymOcrdG1yFJMy1ofc2QXKQ/sLD0Cd6Pw3jEtAwVhBBfWGNd9o7wg6lD0qd8nS0vY4yz1afOoZwn-VqvacT3uczqtLdDv_Y4q2HEcZTHLiqOy8ShmRORU64_7puuN_Xv8CGLcWBTl8vqQCPYFEthXZFqvzLrnL7dgP1ez7hC6fUXdA/0hR2IXMhjBfgGo_h4h9TkzPRhT5upqfyEZA6K5sDqDg),1,IB.2.2.b,https://belosech.sharepoint.com/:b:/s/PICTS/EV3sx-Mr3e5DiNSZModzuSkB7gBWNvDLAC77oLjutwDCUg?e=wxbY2C,https://inform21.ch/k4/mini/,2. Klasse,,Frühlingsferien-Sommerferien,,,https://calendly.com/picts_belose/projektbegleitung
"Schau her, es leuchtet!",Mit Hilfe von Krokodilklemmen und eine Batterie wird eine Kugellampe zum Leuchten gebracht,inform@21,620521.04_L_01.png (https://v5.airtableusercontent.com/v3/u/48/48/1765202400000/ymOcrdG1yFJMy1ofc2QXKQ/sLD0Cd6Pw3jEtAwVhBBfWGNd9o7wg6lD0qd8nS0vY4yz1afOoZwn-VqvacT3uczqtLdDv_Y4q2HEcZTHLiqOy8ShmRORU64_7puuN_Xv8CGLcWBTl8vqQCPYFEthXZFqvzLrnL7dgP1ez7hC6fUXdA/0hR2IXMhjBfgGo_h4h9TkzPRhT5upqfyEZA6K5sDqDg),1,IB.2.2.b,https://belosech.sharepoint.com/:b:/s/PICTS/ERD2a_fqxxdJsL03EZ7oxfcBTuOs7f-4A_8TcX6ghP1dCw?e=GGPJ0u,https://inform21.ch/k4/mini/,2. Klasse,,Frühlingsferien-Sommerferien,,,https://calendly.com/picts_belose/projektbegleitung
Radarturm,Die Schülerinnen und Schüler bauen einen Radar Turm und bringen einen Rotor mit einem Elektromotor zum drehen,inform@21,620521.04_L_01.png (https://v5.airtableusercontent.com/v3/u/48/48/1765202400000/ymOcrdG1yFJMy1ofc2QXKQ/sLD0Cd6Pw3jEtAwVhBBfWGNd9o7wg6lD0qd8nS0vY4yz1afOoZwn-VqvacT3uczqtLdDv_Y4q2HEcZTHLiqOy8ShmRORU64_7puuN_Xv8CGLcWBTl8vqQCPYFEthXZFqvzLrnL7dgP1ez7hC6fUXdA/0hR2IXMhjBfgGo_h4h9TkzPRhT5upqfyEZA6K5sDqDg),1,IB.2.2.a,https://belosech.sharepoint.com/:b:/s/PICTS/EUeQ2sODwaBPrBUTFCLo_1sB9TXW8hZT7T9jGbYiLHGwvw?e=mk1YCT,https://inform21.ch/k4/mini/,3. Klasse,,Winterferien-Frühlingsferien,,,https://calendly.com/picts_belose/projektbegleitung
Hallo Ausserirdischer - wer bist du?,Wir basteln Ausserirdische Figuren schliessen sie mittels Makey-makeyboard an den Computer an und erwecken sie zum Leben,inform@21,620521.04_L_01.png (https://v5.airtableusercontent.com/v3/u/48/48/1765202400000/ymOcrdG1yFJMy1ofc2QXKQ/sLD0Cd6Pw3jEtAwVhBBfWGNd9o7wg6lD0qd8nS0vY4yz1afOoZwn-VqvacT3uczqtLdDv_Y4q2HEcZTHLiqOy8ShmRORU64_7puuN_Xv8CGLcWBTl8vqQCPYFEthXZFqvzLrnL7dgP1ez7hC6fUXdA/0hR2IXMhjBfgGo_h4h9TkzPRhT5upqfyEZA6K5sDqDg),2,"IB.2.2.e,IB.2.2.f",https://belosech.sharepoint.com/:b:/s/PICTS/EQoGjxq3ZgpMsz0rI3oW1Q0BWoq0vMFHY3yerHclxlnUdA?e=zcGpmH,https://inform21.ch/k4/mini/,4. Klasse,,Frühlingsferien-Sommerferien,,,https://calendly.com/picts_belose/projektbegleitung
Hörspuren mit Book Creator,,PICTS BeLoSe,csm_bookcreator_a1469a6c41.jpg (https://v5.airtableusercontent.com/v3/u/48/48/1765202400000/vLy9SML7HjdWufYIIrVf_A/zFBsY8WdR_ApibjslTutv_drPw7qnEnjcW1dMJ1LYc5fX30gm-_PMNINpPPyCVUi6fqF-ClUHEDCtHJITLjTMEmOltHqwxffS-WifQF5YBJ8_GcPK8JIfy4kChPqqGiGUFwoVuRoOsRswQRF0nO-Pg/81fKSNWWIHSG23IsMbfpm6rmykwVsdS7yCWuIl4I860),3,"IB.1.2.c,IB.1.1.a,IB.1.1.b,IB.1.3.b,IB.1.3.c,IB.1.3.f",,https://belosech.sharepoint.com/sites/PICTS/SitePages/H%C3%B6rspuren-mit-Book-Creator.aspx,"2. Klasse,3. Klasse,4. Klasse,5. Klasse,6. Klasse",,Winterferien-Frühlingsferien,,5,https://calendly.com/picts_belose/projektbegleitung
Werwolf Spiel in Powerpoint,,PICTS BeLoSe,knaufix_werwolf_moon_logo_black_and_white_clean_f7e59c7d-82d3-42dd-875b-c62c5b7e7c0a.png (https://v5.airtableusercontent.com/v3/u/48/48/1765202400000/9FzP9roQaZOVWoLQbmhPrg/tEgZ9TumHGVPatACPeU7pRrFU8-WIaD2BsREgyVuUo1uvbPKci5uKQ29M18BooYoYkhEIpcw1jQL3fF1PsdoofUxhJNGPxdASjyu7nE87JePK5WB_QhRwG3OgyDT85eTSmF2nr8X-KKJNrmMh4_KoBkcZNFvpPy6p-klAa9Ktid1eXfW6qmdnRwEyoNZ4jxC8pn47T4hEHcTPS60AgB73eMZGab1S5NmItLnQsPxrFMRusrfBanaGF0q_L662X2q/40O0_IslELbfJMdGAFL4SE5Sk6VfMuwz5JByeX1ecno),2,IB.3.3.b,https://belosech.sharepoint.com/sites/PICTS/SitePages/Werwolf-Spiel-in-PowerPoint.aspx,,"4. Klasse,5. Klasse,6. Klasse",,Winterferien-Frühlingsferien,,"14,20",https://calendly.com/picts_belose/projektbegleitung
Sicheres Passwort erstellen,,PICTS BeLoSe,PICTS Graffiti.png (https://v5.airtableusercontent.com/v3/u/48/48/1765202400000/4T92ZFfZq6rPC3GGKrY0rw/FK3poNSOeTUxBlaIFhYWm6NYkZNCsAUtPs0qtchsVVEbBj0KqtfZY-33lTUoG79na1vwMyxRehylz5FXSXhcNQ-Hyb_I_435sAu1h9TR2vh7Io2_q39-iDOfoRWupQXg3HRWXzaYDZxNp1e6w4t5IZx4qW4xS2_1TTrw3yNVl1g/OF6ffFPM1kqwSbx8aubM_L4SZrcmSFoR60OA8gI93uM),2,IB.1.3.d,https://belosech.sharepoint.com/sites/PICTS/SitePages/Sicheres-Passwort-erstellen.aspx,,5. Klasse,,Herbstferien-Weihnachtsferien,,,https://calendly.com/picts_belose/projektbegleitung
Boomwhackers Play Along,,PICTS BeLoSe,PICTS Graffiti.png (https://v5.airtableusercontent.com/v3/u/48/48/1765202400000/4T92ZFfZq6rPC3GGKrY0rw/FK3poNSOeTUxBlaIFhYWm6NYkZNCsAUtPs0qtchsVVEbBj0KqtfZY-33lTUoG79na1vwMyxRehylz5FXSXhcNQ-Hyb_I_435sAu1h9TR2vh7Io2_q39-iDOfoRWupQXg3HRWXzaYDZxNp1e6w4t5IZx4qW4xS2_1TTrw3yNVl1g/OF6ffFPM1kqwSbx8aubM_L4SZrcmSFoR60OA8gI93uM),2,IB.2.2.f,https://belosech.sharepoint.com/sites/PICTS/SitePages/Boomwhackers-Play-Along.aspx,,"3. Klasse,4. Klasse",,Frühlingsferien-Sommerferien,,"1,25,26,32,33,34,53",https://calendly.com/picts_belose/projektbegleitung
Word formatieren Übungen,,PICTS BeLoSe,images (https://v5.airtableusercontent.com/v3/u/48/48/1765202400000/nhpL_fxoZ6eTeaZejXAhPg/Or0l4HIRzT7bDOqMws282Uf0jIeXfU4X1V7RkGju3983KRVr9Vwpah_UVR-8Om5qP31pdTWvGeaB8s45U4Xf3hE4B2AtxqZ85TlFOslMTKCa0yF9xg_JL9JbsfzBJSO4FEUZbQgWizZikZ3A-h2DYA/rIt66kS4MSkYrjNOm9jUWFMMbLlulPbXKObrzp_a_X8),5,"IB.3.1.d,IB.3.1.b,IB.3.3.b",,,3. Klasse,,Herbstferien-Weihnachtsferien,,,https://calendly.com/picts_belose/projektbegleitung
Informatikbiber,,PICTS BeLoSe,biberbegeistert.svg (https://v5.airtableusercontent.com/v3/u/48/48/1765202400000/6_0Yb8uBv7JLvAYIhWpaGQ/gwW771MVA06bU9qkwAuHsfOIfunj4R3zfCVcMiKlIHYpBJp3KDEY_uQ2gh_OBYDHQpFofBosOkfCX519fl9ItFJWi_AJ1o_Dbnb2GXGKPvuXjK7Xa8Kr2XuYWBwRso4BR2JiCROkju3vrGAOZhKPag/9FnEj65Vdxv8DeR4jXMw0QimRK9MyNFrlmmbg6aU4GI),3,,,,"4. Klasse,5. Klasse,6. Klasse,7. Klasse,8. Klasse,9. Klasse",,Herbstferien-Weihnachtsferien,,"55,56",https://calendly.com/picts_belose/projektbegleitung
Einführung Convertibles 3. Klasse,Anhand einer Checkliste führen wir die Convertibles ein. Die SuS lernen die Anmeldung mit ihrem BN und Passwort.,PICTS BeLoSe,PICTS Graffiti.png (https://v5.airtableusercontent.com/v3/u/48/48/1765202400000/4T92ZFfZq6rPC3GGKrY0rw/FK3poNSOeTUxBlaIFhYWm6NYkZNCsAUtPs0qtchsVVEbBj0KqtfZY-33lTUoG79na1vwMyxRehylz5FXSXhcNQ-Hyb_I_435sAu1h9TR2vh7Io2_q39-iDOfoRWupQXg3HRWXzaYDZxNp1e6w4t5IZx4qW4xS2_1TTrw3yNVl1g/OF6ffFPM1kqwSbx8aubM_L4SZrcmSFoR60OA8gI93uM),2,,,https://forms.office.com/e/acUdcjtb4r,3. Klasse,,Sommerferien-Herbstferien,,"41,42,43,45,46,47,48,49,50",https://calendly.com/picts_belose/projektbegleitung
Interaktive Weihnachtskarte in Scratch ,,PICTS BeLoSe,images (https://v5.airtableusercontent.com/v3/u/48/48/1765202400000/hW7rgUFqd3tl85__s-G-Ug/YRB9aopXnlFeTST5s3AUk_PeyndEDir_nsEq4BJNi8Cp1cMlZijNMW_2Zh_0EurAytdX_fDkJjddDtBIrdg5YEyos50AcGFS5EoqBu8n3SrHi3YgF8JOutenp-nLXKuM3VEFAm_tY_2gRBFtWFVHmw/MES7bHyDkL_5yXIs_vQV47oJcpZbfTzyHxwZAdbMFK4),4,,,,4. Klasse,,Herbstferien-Weihnachtsferien,,,https://calendly.com/picts_belose/projektbegleitung
Einführung Convertibles 5. Klasse,Die SuS erhalten ihr persönliches Convertible. Wir richten es gemeinsam ein und legen die nötigsten Einstellungen fest.,PICTS BeLoSe,PICTS Graffiti.png (https://v5.airtableusercontent.com/v3/u/48/48/1765202400000/4T92ZFfZq6rPC3GGKrY0rw/FK3poNSOeTUxBlaIFhYWm6NYkZNCsAUtPs0qtchsVVEbBj0KqtfZY-33lTUoG79na1vwMyxRehylz5FXSXhcNQ-Hyb_I_435sAu1h9TR2vh7Io2_q39-iDOfoRWupQXg3HRWXzaYDZxNp1e6w4t5IZx4qW4xS2_1TTrw3yNVl1g/OF6ffFPM1kqwSbx8aubM_L4SZrcmSFoR60OA8gI93uM),2,,,https://forms.office.com/e/dLzYmpfeUw?embed=true,5. Klasse,,Sommerferien-Herbstferien,,"35,36,37,38,39,44",https://calendly.com/picts_belose/projektbegleitung
Mit PowerPoint Filme erstellen,"Diese Lektionsreihe dient als Einführung für PowerPoint. Die Schülerinnen und Schüler lernen neue Folien anzulegen, Elemente darauf zu platzieren und Übergänge massvoll einzusetzen. In einem weiteren Schritt, vertonen sie die Folien und erstellen daraus einen Film.",PICTS BeLoSe,OIP.cJjnxTsvtTPzO7Nn8_Hm7AHaG4 (https://v5.airtableusercontent.com/v3/u/48/48/1765202400000/lA5cVOSKHxNDlmtcUJ23rg/pCoxDMuLl4jE5Z8cpHXUuxc_zzEI90Icfj9wMJLgXTcZNm_skgBI98CSji0w3FdFaYTb0HMhrIyhIcFD8uOzLFOjcFV3hYBKgvDB9n2O7jFFucQHldOFqZ-jpw1c9EgjVjtFtICL01-q_AyrJYmmOw/vhf3J0wW-7W9UQlfmpD7GZV6kMURQpaKp3lUTUqFh2E),2,,,,,,,,2,https://calendly.com/picts_belose/projektbegleitung
Mit generativer KI ein Ferienbild erstellen,,PICTS BeLoSe,PICTS Graffiti.png (https://v5.airtableusercontent.com/v3/u/48/48/1765202400000/4T92ZFfZq6rPC3GGKrY0rw/FK3poNSOeTUxBlaIFhYWm6NYkZNCsAUtPs0qtchsVVEbBj0KqtfZY-33lTUoG79na1vwMyxRehylz5FXSXhcNQ-Hyb_I_435sAu1h9TR2vh7Io2_q39-iDOfoRWupQXg3HRWXzaYDZxNp1e6w4t5IZx4qW4xS2_1TTrw3yNVl1g/OF6ffFPM1kqwSbx8aubM_L4SZrcmSFoR60OA8gI93uM),,,,,,,,,3,https://calendly.com/picts_belose/projektbegleitung
Einführung Audacity,Schülerinnen lernen das Programm Audacity kennen. Insbesondere die Oberfläche und den Ablauf beim Erstellen von Audioinhalten.,PICTS BeLoSe,Audacity_logo_logotype.png (https://v5.airtableusercontent.com/v3/u/48/48/1765202400000/5jh8ZrCifuE8mx3qs_8JHw/Me2cC3VxojMz8iXNQYmRWRJKpgahwItArThpSpKooEJ3WR-WFZ8wjvfsfDcuVKCmlZYGVTJLkTJzDpZpviCzhsnzWVDM9eQDkhX5xVN2pyo7zfC3tSE6jx148G3PGqqIZkH3xHCYX7fwwz1f2HGl8g/CI6f3xhEx2eP62HNOaE7QLtnokT_tBtMp5-BEKF03Pc),2,,,,"5. Klasse,6. Klasse",,,,"7,11",https://calendly.com/picts_belose/projektbegleitung
Zeichnungen animieren,,PICTS BeLoSe,OIP.tqB2ecxcSA4Rvp2OD4c_wQHaEK (https://v5.airtableusercontent.com/v3/u/48/48/1765202400000/mQcz59vmUJHfnIt_WpvJLg/KpzupOH1wOMY61NZTb1hSsSPCJkVPAKJyVtmeO8NX5QH2MXspiCJFspricIElPPRmR-GAHHRTDFajs9AbNslR1b0JXZfzZpxMC7NIIeVV6oWEXG7cN-4H5mbMt6k0Ab_RP0TIV59FWaj17Qh0zB0nQ/hic1fUtV6BZ-yX55fr9hLbXNXWVVhLi7jtkwDWf5fss),,,,,,,,,8,https://calendly.com/picts_belose/projektbegleitung
Programmieren mit Bluebots,,PICTS BeLoSe,56611_49105.jpg (https://v5.airtableusercontent.com/v3/u/48/48/1765202400000/vpeZOx7b3pd8TXd7fvQmyQ/DrjxMhUVsUtSZRx69WVNB5dX5tI3zHbna8GqfCpgdCxhxMvciXLStaqdimzVcjOjbbFwe5anU3OLD2SQUkyA4Ptuf805L_g8XtWWkS3OEbOXehj68Oa-VhP77F_xx_rz2hP7knByi5-ZGcyVPN2Q0A/oyTpIHjRsBozZTBwo-cd8-STdU0W8WmLFY47JC1qwWk),,,,,,,,,,https://calendly.com/picts_belose/projektbegleitung
KI Grundlagen,"Schülerinnen und Schüler lernen, was eine KI ist, wie maschinelles Lernen funktioniert und können selber generative künstliche Intelligenz ausprobieren.	",PICTS BeLoSe,PICTS Graffiti.png (https://v5.airtableusercontent.com/v3/u/48/48/1765202400000/4T92ZFfZq6rPC3GGKrY0rw/FK3poNSOeTUxBlaIFhYWm6NYkZNCsAUtPs0qtchsVVEbBj0KqtfZY-33lTUoG79na1vwMyxRehylz5FXSXhcNQ-Hyb_I_435sAu1h9TR2vh7Io2_q39-iDOfoRWupQXg3HRWXzaYDZxNp1e6w4t5IZx4qW4xS2_1TTrw3yNVl1g/OF6ffFPM1kqwSbx8aubM_L4SZrcmSFoR60OA8gI93uM),2,"IB.1.3.d,IB.1.4.c,IB.2.2.e",,,4. Klasse,"Lektion 1 - KI Grundlagen,Lektion 2 - KI Grundlagen",Frühlingsferien-Sommerferien,,"27,28,29",https://calendly.com/picts_belose/projektbegleitung
Programmieren mit Thymio,"In dieser Lektion setzen sich die SuS im Plenum mit den Merkmalen von Robotern auseinander und lernen den Thymio-Roboter kennen, indem sie ihn einschalten und seine vordefinierten Verhaltensmuster in Gruppen untersuchen. Anschließend verbinden sie Thymio mit dem Computer über Thymio Studio und programmieren im VPL 3 ein eigenes kleines Programm. Zum Abschluss präsentieren die SuS ihre programmierten Roboter gegenseitig.",PICTS BeLoSe,OIP.kL9Mkam9DRWC_fNj42hgFwHaHa (https://v5.airtableusercontent.com/v3/u/48/48/1765202400000/EdURa59Izf5ks8-CjQp5pA/FnmKEe22YRo5oJMXX81eM3UFJ2LxSAZC4F4pDzeVhkFUMmzu5RuO2NWiU4x3iL-x1KMqBOdJZlRnA0X-qC9vYpe6BOODrToHPyoc022ZvLAblBIn_crxHKxS5Fl3KZ33SO0LTMmfFHDtSO72wL7Q-w/jsDgmWqhXPgB1jb5lh4rfTBr8YzBt1SHv6kf6h01CWo),2,,,,6. Klasse,Lektion 1 - Programmieren mit Thymio,Zusatz,,54,https://calendly.com/picts_belose/projektbegleitung
PowerPoint Refresher für 6. Klasse,"Den Schülerinnen und Schülern sollen die Grundfunktionen von PowerPoint noch einmal näher gebracht werden, dass sie sicher sind im Umgang mit dem Programm.",PICTS BeLoSe,,2,,,,,Lektion 1 und 2 - PowerPoint Refresher für 6. Klasse,Sommerferien-Herbstferien,,52,https://calendly.com/picts_belose/projektbegleitung
1 Eine Entdeckungsreise  durch das Internet,,Connected 3,620630.02_L_01.png (https://v5.airtableusercontent.com/v3/u/48/48/1765202400000/2ks2kQb636n_gLl8OYKSnA/ji7qlUyQUg8jk2B5mIe77NvnzCAq6UcFn8CaEQKjM9EtdEwGGDFt96FlC8i-87Nq1COMf7hjSAGAPxJDS0NyVEmAcgWsfFUkvw_lY48o5Y0zz0hZvC9DGGTKNZV0fpu1kvw222HEy581wmXNWuAZkg/QvI7dKaSvpLjwZjjkARH4kF_S7ghu7AM_XfbgnI_FCU),7,"IB.1.1.d,IB.1.1.e,IB.2.2.i,IB.2.3.m",https://002.lmvz.ch/connected-3-handbuch/1/uebersicht/,https://belosech.sharepoint.com/:b:/s/PICTS/ERVi1ovCYeFDntaOQSwZCM0BVwyeL9Q928XVNT-9i3l53A?e=SnJ9lH,7. Klasse,,Sommerferien-Herbstferien,,,https://calendly.com/picts_belose/projektbegleitung
2 Digitale Geräte im Alltag,,Connected 3,620630.02_L_01.png (https://v5.airtableusercontent.com/v3/u/48/48/1765202400000/2ks2kQb636n_gLl8OYKSnA/ji7qlUyQUg8jk2B5mIe77NvnzCAq6UcFn8CaEQKjM9EtdEwGGDFt96FlC8i-87Nq1COMf7hjSAGAPxJDS0NyVEmAcgWsfFUkvw_lY48o5Y0zz0hZvC9DGGTKNZV0fpu1kvw222HEy581wmXNWuAZkg/QvI7dKaSvpLjwZjjkARH4kF_S7ghu7AM_XfbgnI_FCU),5,"IB.1.1.f,IB.2.3.k,IB.2.3.l",https://002.lmvz.ch/connected-3-handbuch/2/uebersicht/,https://belosech.sharepoint.com/:b:/s/PICTS/EegB1a1JlzNFmXkjhT4yjHkBdLmwIf4uiVi3zzpGZZb2iw?e=yCZqAp,7. Klasse,,Herbstferien-Weihnachtsferien,,,https://calendly.com/picts_belose/projektbegleitung
3 Abheben mit Algorithmen,,Connected 3,620630.02_L_01.png (https://v5.airtableusercontent.com/v3/u/48/48/1765202400000/2ks2kQb636n_gLl8OYKSnA/ji7qlUyQUg8jk2B5mIe77NvnzCAq6UcFn8CaEQKjM9EtdEwGGDFt96FlC8i-87Nq1COMf7hjSAGAPxJDS0NyVEmAcgWsfFUkvw_lY48o5Y0zz0hZvC9DGGTKNZV0fpu1kvw222HEy581wmXNWuAZkg/QvI7dKaSvpLjwZjjkARH4kF_S7ghu7AM_XfbgnI_FCU),7,"IB.2.1.i,IB.2.2.g,IB.2.2.h",https://002.lmvz.ch/connected-3-handbuch/3/uebersicht/,https://belosech.sharepoint.com/:b:/s/PICTS/ESBtWjK5xsFAnG109sSOjg4BWtF2u3rT9OAgxCtpUgaCWw?e=ctnSRQ,7. Klasse,,Weihnachtsferien-Winterferien,,,https://calendly.com/picts_belose/projektbegleitung
4 Das passt ins Bild,,Connected 3,620630.02_L_01.png (https://v5.airtableusercontent.com/v3/u/48/48/1765202400000/2ks2kQb636n_gLl8OYKSnA/ji7qlUyQUg8jk2B5mIe77NvnzCAq6UcFn8CaEQKjM9EtdEwGGDFt96FlC8i-87Nq1COMf7hjSAGAPxJDS0NyVEmAcgWsfFUkvw_lY48o5Y0zz0hZvC9DGGTKNZV0fpu1kvw222HEy581wmXNWuAZkg/QvI7dKaSvpLjwZjjkARH4kF_S7ghu7AM_XfbgnI_FCU),6,"IB.1.2.f,IB.1.2.g,IB.1.2.h,IB.1.3.f,IB.1.3.g",https://002.lmvz.ch/connected-3-handbuch/4/uebersicht/,https://belosech.sharepoint.com/:b:/s/PICTS/EdzgQsetxQJHghzUIMKfzUQBQIJhK0MaW9QCvR4ANalCuw?e=0wu3H3,7. Klasse,,Winterferien-Frühlingsferien,,,https://calendly.com/picts_belose/projektbegleitung
"5 Daten, Daten, Daten",,Connected 3,620630.02_L_01.png (https://v5.airtableusercontent.com/v3/u/48/48/1765202400000/2ks2kQb636n_gLl8OYKSnA/ji7qlUyQUg8jk2B5mIe77NvnzCAq6UcFn8CaEQKjM9EtdEwGGDFt96FlC8i-87Nq1COMf7hjSAGAPxJDS0NyVEmAcgWsfFUkvw_lY48o5Y0zz0hZvC9DGGTKNZV0fpu1kvw222HEy581wmXNWuAZkg/QvI7dKaSvpLjwZjjkARH4kF_S7ghu7AM_XfbgnI_FCU),6,"IB.1.1.f,IB.2.1.j",https://002.lmvz.ch/connected-3-handbuch/5/uebersicht/,https://belosech.sharepoint.com/:b:/s/PICTS/ESF3OYjKDoxDojyp8bl37zQBu8gm6m_hYBBttFKP1YsDQA?e=IULZQk,7. Klasse,,Frühlingsferien-Sommerferien,,,https://calendly.com/picts_belose/projektbegleitung
1 Wettbewerb der Algorithmen,,Connected 4,620640.02_L_01.png (https://v5.airtableusercontent.com/v3/u/48/48/1765202400000/s9e8Yt7LR2kPeT-dS7Awsg/KNZkwAjGvpkgMHd3ggHXg97YUonicsjPmUTrF-H-DSshdQ3mfVusUG_T7hfd7MILQwJwVHCWs7fqTs6u1qUrNhbxMgF2NlQUx8THOorMLvWQwGXPXg1LJzPalDuJJyokfwhxmY4sbbAgACs9_tLXgg/QaOm7PHmNBA-p0dCk-AoIrTOdjGNlhfOtmNpfehAhgU),8,"IB.1.1.f,IB.2.1.j,IB.2.2.i",https://002.lmvz.ch/connected-4-handbuch/1/uebersicht/,https://belosech.sharepoint.com/:b:/s/PICTS/EY0WpxctirxEgsTSLAM8GoMBe8hAoDTgoJLgm2pNsqjhjg?e=RNQnJF,9. Klasse,,Sommerferien-Herbstferien,,,https://calendly.com/picts_belose/projektbegleitung
2 Fakes im Netz,,Connected 4,620640.02_L_01.png (https://v5.airtableusercontent.com/v3/u/48/48/1765202400000/s9e8Yt7LR2kPeT-dS7Awsg/KNZkwAjGvpkgMHd3ggHXg97YUonicsjPmUTrF-H-DSshdQ3mfVusUG_T7hfd7MILQwJwVHCWs7fqTs6u1qUrNhbxMgF2NlQUx8THOorMLvWQwGXPXg1LJzPalDuJJyokfwhxmY4sbbAgACs9_tLXgg/QaOm7PHmNBA-p0dCk-AoIrTOdjGNlhfOtmNpfehAhgU),6,"IB.1.1.f,IB.1.1.g,IB.1.2.h,IB.2.2.g",https://002.lmvz.ch/connected-4-handbuch/2/uebersicht/,https://belosech.sharepoint.com/:b:/s/PICTS/EZOcp3WWOQVLiBYg98qgFkMBa4JzBOpdCRHTVRP4kNJ71w?e=AjNPR8,9. Klasse,,Herbstferien-Weihnachtsferien,,,https://calendly.com/picts_belose/projektbegleitung
3 Let’s play,,Connected 4,620640.02_L_01.png (https://v5.airtableusercontent.com/v3/u/48/48/1765202400000/s9e8Yt7LR2kPeT-dS7Awsg/KNZkwAjGvpkgMHd3ggHXg97YUonicsjPmUTrF-H-DSshdQ3mfVusUG_T7hfd7MILQwJwVHCWs7fqTs6u1qUrNhbxMgF2NlQUx8THOorMLvWQwGXPXg1LJzPalDuJJyokfwhxmY4sbbAgACs9_tLXgg/QaOm7PHmNBA-p0dCk-AoIrTOdjGNlhfOtmNpfehAhgU),8,"IB.1.1.e,IB.1.1.e,IB.2.2.g",https://002.lmvz.ch/connected-4-handbuch/3/uebersicht/,https://belosech.sharepoint.com/:b:/s/PICTS/EY-nEmnIGihLtj6AevdEfMcBfG6EKIWEIika-giSErHf8Q?e=DWIFvF,9. Klasse,,Weihnachtsferien-Winterferien,,,https://calendly.com/picts_belose/projektbegleitung
"4 Sie wissen, wer du bist",,Connected 4,620640.02_L_01.png (https://v5.airtableusercontent.com/v3/u/48/48/1765202400000/s9e8Yt7LR2kPeT-dS7Awsg/KNZkwAjGvpkgMHd3ggHXg97YUonicsjPmUTrF-H-DSshdQ3mfVusUG_T7hfd7MILQwJwVHCWs7fqTs6u1qUrNhbxMgF2NlQUx8THOorMLvWQwGXPXg1LJzPalDuJJyokfwhxmY4sbbAgACs9_tLXgg/QaOm7PHmNBA-p0dCk-AoIrTOdjGNlhfOtmNpfehAhgU),6,"IB.1.1.f,IB.1.2.i,IB.2.3.n",https://002.lmvz.ch/connected-4-handbuch/4/uebersicht/,https://belosech.sharepoint.com/:b:/s/PICTS/Ed7brKOMt8BOpQwz-F3qH9AB0n-E5fe-CBBMtw4YluDqKQ?e=TPdeCg,9. Klasse,,Winterferien-Frühlingsferien,,,https://calendly.com/picts_belose/projektbegleitung
5 Survival Guide,,Connected 4,620640.02_L_01.png (https://v5.airtableusercontent.com/v3/u/48/48/1765202400000/s9e8Yt7LR2kPeT-dS7Awsg/KNZkwAjGvpkgMHd3ggHXg97YUonicsjPmUTrF-H-DSshdQ3mfVusUG_T7hfd7MILQwJwVHCWs7fqTs6u1qUrNhbxMgF2NlQUx8THOorMLvWQwGXPXg1LJzPalDuJJyokfwhxmY4sbbAgACs9_tLXgg/QaOm7PHmNBA-p0dCk-AoIrTOdjGNlhfOtmNpfehAhgU),6,"IB.1.3.h,IB.1.4.e,IB.1.4.f,IB.2.1.k,IB.2.3.j",https://002.lmvz.ch/connected-4-handbuch/5/uebersicht/,https://belosech.sharepoint.com/:b:/s/PICTS/Eeec4buL9hdJjJUprXpdI-8BmEJsI9Md__lsni04JAjicg?e=zzsBL6,9. Klasse,,Frühlingsferien-Sommerferien,,,https://calendly.com/picts_belose/projektbegleitung
Internet ABC Lernmodul 1,,Internet,logo_2x.png (https://v5.airtableusercontent.com/v3/u/48/48/1765202400000/KE5mJYMxSH-bqYTiKOuFOg/BpeT3rsDBcF1tndTYWGQxJjTe3ZtEp0gZ0GPA4j3Azf5Ser9X19U_NBq5g2NfNMrVER0t6fBpJQP5V7i-0pYsJ0K51eym-6pjd9oml5-3E_7g6xMWYCEk-7VRYvn9pEt8IpMAmz1tGmS9jJcNcNptw/AOOnz2twF-kUdvJKlxxwW-EtTqea7ctgrnWSCsIV3Vc),3,,https://www.internet-abc.de/lehrkraefte/lernmodule/,https://www.internet-abc.de/kinder/lernen-schule/lernmodule/,3. Klasse,,Sommerferien-Herbstferien,,,https://calendly.com/picts_belose/projektbegleitung
Internet ABC Lernmodul 2 und 3,,Internet,logo_2x.png (https://v5.airtableusercontent.com/v3/u/48/48/1765202400000/KE5mJYMxSH-bqYTiKOuFOg/BpeT3rsDBcF1tndTYWGQxJjTe3ZtEp0gZ0GPA4j3Azf5Ser9X19U_NBq5g2NfNMrVER0t6fBpJQP5V7i-0pYsJ0K51eym-6pjd9oml5-3E_7g6xMWYCEk-7VRYvn9pEt8IpMAmz1tGmS9jJcNcNptw/AOOnz2twF-kUdvJKlxxwW-EtTqea7ctgrnWSCsIV3Vc),6,,https://www.internet-abc.de/lehrkraefte/lernmodule/,https://www.internet-abc.de/kinder/lernen-schule/lernmodule/,4. Klasse,,Sommerferien-Herbstferien,,,https://calendly.com/picts_belose/projektbegleitung
Internet ABC Lernmodul 4 und Surfschein,,Internet,logo_2x.png (https://v5.airtableusercontent.com/v3/u/48/48/1765202400000/KE5mJYMxSH-bqYTiKOuFOg/BpeT3rsDBcF1tndTYWGQxJjTe3ZtEp0gZ0GPA4j3Azf5Ser9X19U_NBq5g2NfNMrVER0t6fBpJQP5V7i-0pYsJ0K51eym-6pjd9oml5-3E_7g6xMWYCEk-7VRYvn9pEt8IpMAmz1tGmS9jJcNcNptw/AOOnz2twF-kUdvJKlxxwW-EtTqea7ctgrnWSCsIV3Vc),6,,https://www.internet-abc.de/lehrkraefte/lernmodule/,https://www.internet-abc.de/kinder/lernen-schule/lernmodule/,4. Klasse,,Frühlingsferien-Sommerferien,,,https://calendly.com/picts_belose/projektbegleitung
Code.org für 3. Klasse,,Internet,logo-2acd4ebc69c447786b866b98034bb3c0777b5f67cd8bd7955e97bba0b16f2bd1.svg (https://v5.airtableusercontent.com/v3/u/48/48/1765202400000/QJZ69ydQ60d2SpsbJ0i3HA/JRSf6meXjddHce1hypJWg-X25NmNvm1b3P54zXjqzQkpHhWwXYmgwzmktqJnla5xATFZ_ercy9vLX-f8FFEAg2l_QccYCHsxuCPFP_IAsYizP7JjSm5zUGoCh0HP96smc5bbj39GDSPwWPkzq8nGZg/uYRpbcMFEy8hHQVaNl8HJE1KN6p5U0QSkjW0qiULKbs),4,,,,3. Klasse,,Weihnachtsferien-Winterferien,,"10,31",https://calendly.com/picts_belose/projektbegleitung
Code.org für 4. Klasse,,Internet,logo-2acd4ebc69c447786b866b98034bb3c0777b5f67cd8bd7955e97bba0b16f2bd1.svg (https://v5.airtableusercontent.com/v3/u/48/48/1765202400000/QJZ69ydQ60d2SpsbJ0i3HA/JRSf6meXjddHce1hypJWg-X25NmNvm1b3P54zXjqzQkpHhWwXYmgwzmktqJnla5xATFZ_ercy9vLX-f8FFEAg2l_QccYCHsxuCPFP_IAsYizP7JjSm5zUGoCh0HP96smc5bbj39GDSPwWPkzq8nGZg/uYRpbcMFEy8hHQVaNl8HJE1KN6p5U0QSkjW0qiULKbs),4,,,,4. Klasse,,Sommerferien-Herbstferien,,"13,51",https://calendly.com/picts_belose/projektbegleitung
Zeichnungsdiktat in Paint erstellen,Der Computer mit einer Zeichnungsapp wird zum Werkzeug für ein Zeichnungsdiktat. Das Formulieren präziser Handlungsanleitungen bildet auch eine Grundlage für das Verständnis von Algorithmen.,Internet,ICT-Logo.svg (https://v5.airtableusercontent.com/v3/u/48/48/1765202400000/lknuGFgMimsYiiT4dXCpLg/8ljedEWp0C_NQtZrrvv94-AcUBtdQcfN1mKSS2m0dQPsv2Tyj5BF-A4cv7iglmISTMS8X-_X3adW1lBri81IZNgSJA-WtcY41hO-L9hfeOCbmCY5Dc-p7Z2LOAjHr6jF6uqxB5YLP1PSG6L-XWMwkg/n0uxCWMZT0ealurH-cwf8UaGQ7p_U1IxrRBgU7e-Tcs),2,"IB.2.2.d,IB.1.3.a,IB.1.3.b,IB.1.3.c",https://www.ict-regelstandards.ch/kompetenzraster/kreieren-komponieren-gestalten/unterrichtseinheit/zeichnungsdiktat,https://www.ict-regelstandards.ch/kompetenzraster/kreieren-komponieren-gestalten/unterrichtseinheit/zeichnungsdiktat,"3. Klasse,4. Klasse",Lektion 1 - Zeichnungsdiktat in Paint erstellen,Zusatz,,6,https://calendly.com/picts_belose/projektbegleitung
Einführung Programmieren mit Scratch,,Internet,what-is-scratch.png (https://v5.airtableusercontent.com/v3/u/48/48/1765202400000/1zjo4TkJN04zcbRaNpGQSg/tPDlFH9xEJs-g0ZHCvJY7rhJKxpmy_AXD8u7wZPG9M0qD4wRywT4Y2LWLWAbyWx63Ul6BOA0f1LU5Yrvc1kXA-tC79d7e8__Ul8ncFKmXMH4UEwy-F6s7q1PbXeN4tHQ9HUlvs14rgA4StivetvLxQ/s-vEmaCz_ZREBeVUCWgIYc1iRYnahEI6hgocy2d1i0Q),2,,,,,,,,"4,9,57,58",https://calendly.com/picts_belose/projektbegleitung